-- phpMyAdmin SQL Dump
-- version 5.2.1
-- https://www.phpmyadmin.net/
--
-- Servidor: 127.0.0.1
-- Tiempo de generación: 30-05-2025 a las 13:16:38
-- Versión del servidor: 10.4.32-MariaDB
-- Versión de PHP: 8.2.12

SET SQL_MODE = "NO_AUTO_VALUE_ON_ZERO";
START TRANSACTION;
SET time_zone = "+00:00";


/*!40101 SET @OLD_CHARACTER_SET_CLIENT=@@CHARACTER_SET_CLIENT */;
/*!40101 SET @OLD_CHARACTER_SET_RESULTS=@@CHARACTER_SET_RESULTS */;
/*!40101 SET @OLD_COLLATION_CONNECTION=@@COLLATION_CONNECTION */;
/*!40101 SET NAMES utf8mb4 */;

--
-- Base de datos: `proyecto_grado`
--

-- --------------------------------------------------------

--
-- Estructura de tabla para la tabla `categorias`
--
create database proyecto_grado;
use proyecto_grado;

CREATE TABLE `categorias` (
  `id_categoria` int(11) NOT NULL,
  `categoria` varchar(20) DEFAULT NULL
) ENGINE=InnoDB DEFAULT CHARSET=utf8mb4 COLLATE=utf8mb4_general_ci;

--
-- Volcado de datos para la tabla `categorias`
--

INSERT INTO `categorias` (`id_categoria`, `categoria`) VALUES
(1, 'corazon'),
(2, 'informativos'),
(3, 'delicias'),
(4, 'gaming'),
(5, 'élite');

-- --------------------------------------------------------

--
-- Estructura de tabla para la tabla `comentarios`
--

CREATE TABLE `comentarios` (
  `id_comentarios` int(11) NOT NULL,
  `titular` varchar(255) NOT NULL,
  `descripcion` text DEFAULT NULL,
  `id_usuario` int(11) DEFAULT NULL
) ENGINE=InnoDB DEFAULT CHARSET=utf8mb4 COLLATE=utf8mb4_general_ci;

--
-- Volcado de datos para la tabla `comentarios`
--

INSERT INTO `comentarios` (`id_comentarios`, `titular`, `descripcion`, `id_usuario`) VALUES
(11, 'Renovación lamin yamal', 'Me gustaria que se hablara de la renovación con el Barcelona de lamine Yamal', 16),
(12, 'Nueva actualización Pokemon Unite', 'Me gustaria que se hablase del nuevo contenido de este juego', 16),
(13, 'Billie Eilish triunfa en los American Music Awards', 'Me gustaria que se hablara de Billie elish en los music awards', 16),
(14, ' La historia del juego más vendido del mundo', 'Me gustaria que se hablara del juego mas vendido del mundo', 16),
(15, 'Mariliendre, la nueva serie de atresmedia, ha generado gran expectación con su estreno en cines', 'Me gustaria que se hablara de cuando se estrenara mariliendre y de que tratara', 16),
(16, '\'Miércoles\', temporada 2: fecha de estreno en Netflix', 'Me gustaria saber que dia se estrena la segunda temporada de miercoles', 16),
(17, 'Como entrenar a tu dragon live action', 'Me gustaria que se hablara de la fecha de estreno de como entrenar a tu dragón live action', 16),
(18, 'Restaurante mal educado', 'Me gustaria que se hablase del restaurante que te insulta mientras comes', 16),
(19, 'Apagon en Europa', 'Me gustaria que se hablase de como se vivio el apagon', 16),
(20, '¿Primer titulo europeo para el betis?', 'Me gustaria que se hablase del primer titulo que podria ganarl el betis', 16),
(21, '¿Que fue de Amaya Uranga?', 'Me gustaria saber que paso con la voz de Amaya', 16);

-- --------------------------------------------------------

--
-- Estructura de tabla para la tabla `noticias`
--

CREATE TABLE `noticias` (
  `id_noticia` int(11) NOT NULL,
  `titulo_1` varchar(150) NOT NULL,
  `fecha` date NOT NULL,
  `contenido_1` text NOT NULL,
  `imagen` varchar(255) NOT NULL,
  `titulo_2` varchar(150) NOT NULL,
  `contenido_2` text NOT NULL,
  `contenido_3` text NOT NULL,
  `imagen_2` varchar(255) NOT NULL,
  `titulo_3` text NOT NULL,
  `contenido_4` text NOT NULL,
  `contenido_5` text NOT NULL,
  `id_titular` int(11) DEFAULT NULL,
  `id_categoria` int(11) NOT NULL
) ENGINE=InnoDB DEFAULT CHARSET=utf8mb4 COLLATE=utf8mb4_general_ci;

--
-- Volcado de datos para la tabla `noticias`
--

INSERT INTO `noticias` (`id_noticia`, `titulo_1`, `fecha`, `contenido_1`, `imagen`, `titulo_2`, `contenido_2`, `contenido_3`, `imagen_2`, `titulo_3`, `contenido_4`, `contenido_5`, `id_titular`, `id_categoria`) VALUES
(1, 'Fecha y hora del fallecimiento', '2025-04-29', 'El papa Francisco ha fallecido este lunes 21 de abril a los 88 años. Su muerte se producía en torno a las 7:35 de la mañana en su residencia de la Casa Santa Marta, tal y como ha expresado el cardenal Kevin Joseph Farrel a través de un mensaje. Así, se po', '../../assets/img_noticias/Muere-Papa-Francisco-2-web-1080x675.webp', 'Muere el papa Francisco a los 88 años', ' A las 7:35 de esta mañana el obispo de Roma, Francisco, regresó a la casa del Padre. Toda su vida estuvo dedicada al servicio del Señor y de su Iglesia. Nos enseñó a vivir los valores del Evangelio con fidelidad, valentía y amor universal, especialmente ', 'El papa Francisco ha fallecido este lunes 21 de abril a los 88 años. Su muerte se producía en torno a las 7:35 de la mañana en su residencia de la Casa Santa Marta, tal y como ha expresado el cardenal Kevin Joseph Farrel a través de un mensaje. Así, se po', '../../assets/img_noticias/papa-francisco.webp', 'Un documental y una entrevista con Évole', 'Durante sus 11 años de papado, Jorge Mario Bergoglio se ha caracterizado por luchar contra problemáticas que arrastraba la Iglesia, como su dedicación a los marginados, combatir los escándalos sexuales y frenar la corrupción en la Curia.', 'El papa protagonizó una película documental para Disney+ que codirigía Évole y que se titulaba Amén: Francisco responde. En ella, reunía a diez jóvenes de todo el mundo con los que charlaba sobre las preocupaciones de la juventud. ', 1, 2),
(2, 'Joaquín Prat se ve obligado a terminar Vamos a ver media hora antes', '2025-05-14', 'Joaquín Prat ha terminado un poco antes la emisión de Vamos a ver tras una decisión de Telecinco respecto a su programación de este martes', '../../assets/img_noticias/vamos_a_ver.webp', 'Joaquín Prat se ve obligado a terminar antes su programa', 'El  28 de abril de 2025 pasará a la historia como el día en que España entera quedó paralizada. A las 12:30, un apagón eléctrico dejaba sin suministro a España, Portugal y partes de Francia quedó totalmente cortado. Los ciudadanos se quedaban sin luz', 'Las informativos radiofónicos se convirtieron en la mayor fuente de información, junto con las cadenas que pudieron seguir emitiendo. Telecinco era una de ellas, que reprogramó toda su escaleta para poder informar de las últimas noticias sobre el apagón', '../../assets/img_noticias/joaquin2.webp', 'Los presentadores hablan del apagón\', \'Joaquín Prat no ha sido el único que se ha visto afectado por el apagón. Ana Rosa Quintana daba la vuelta a El programa de AR. Con el plató a oscuras, la presentadora ha realizado una editorial al respecto de esta crisis.', 'No solo ha contado su experiencia, sino que también ha hecho una mención al presidente del Gobierno que se ha hecho viral. Lo que nos queda, ¿No? Después de un volcán, una pandemia, una Filomena, la DANA, un apagón', 'No solo ha contado su experiencia, sino que también ha hecho una mención al presidente del Gobierno que se ha hecho viral. Lo que nos queda, ¿No? Después de un volcán, una pandemia, una Filomena, la DANA, un apagón', 2, 1),
(3, 'La desgracia familiar que ha unido a los hermanos Francisco y Cayetano Rivera', '2025-04-29', 'Los hijos de Paquirri y Carmina Ordóñez acudieron, por separado, al tanatorio SE-30 de Sevilla para despedir a uno de sus seres queridos', '../../assets/img_noticias/fran_caye.webp', 'Sale a la luz la desgracia que ha unido a los hermanos Francisco y Cayetano Rivera', 'los hijos de Paquirri y Carmina Ordóñez acaba de perder a Alfonso Ordóñez, hermano de su abuelo Antonio Ordóñez y tío de su madre. Poco antes del apagón que azotó la Península Ibérica, Fran, que acaba de ser padre de nuevo tras el nacimiento de su hijo Ni', 'Francisco y Cayetano, que hace unos días visitó la casa de su hermano para conocer a su nuevo sobrino, llegaron al tanatorio de la SE-30 por separado. Ambos lucían trajes oscuros, corbatas negras y gafas de sol y mientras que el marido de Lourdes Montes, ', '../../assets/img_noticias/caye_triste.webp', 'Francisco y Cayetano Rivera, muy afectados por la muerte de su tío abuelo Alfonso Ordóñez', 'Curiosamente, en esa faena en Sevilla a la que acudieron Fran Rivera y Lourdes Montes hace solo unos días fue donde Alfonso Ordóñez, su tío abuelo fallecido, se despidió del mundo del toro tras más de 30 años dedicado a esta arriesgada profesión que adora', ' Francisco y Cayetano Rivera se han mostrado muy afectados tras la pérdida de su tío abuelo Alfonso Ordóñez y no han querido hacer declaraciones a su llegada al último adiós a su familiar. Descanse en paz.', 3, 1),
(4, 'Los reyes Felipe VI y Letizia comparten fotos inéditas de su hija, Sofía de Borbón, para celebrar sus 18 años', '2025-04-29', 'La hermana menor de Leonor de Borbón cumple su mayoría de edad este 29 de abril y Casa Real ha distribuido cinco nuevas imágenes de la joven, que está a punto de finalizar el 2º curso de Bachillerato Internacional en el UWC Atlantic College de Gales, posa', '../../assets/img_noticias/infanta-sofia-casa-real.webp', 'Nuevas fotos de la sofia de borbon', 'Sofía de Borbón, la hija menor de los reyes Felipe VI y Letizia cumple 18 años y Casa Real lo celebra compartiendo imágenes inéditas de la hermana de Leonor de Borbón. La infanta Sofía cuenta los días para finalizar sus estudios de Segundo de Bachillerato', 'De momento, la Casa Real no ha anunciado cuál será el futuro inmediato de la infanta Sofía. Si ha confirmado que la joven no seguirá una formación militar como si está haciendo su hermana mayor y que, de cara al curso que viene, todavía estaba barajando v', '../../assets/img_noticias/infanta_sofia.webp', 'Sofía de Borbón elige un look sobrio y elegante en color azul para las fotos de su 18 cumpleaños', 'En los jardines del Palacio de La Zarzuela de Madrid, Sofía de Borbón posa en solitario en diferentes localizaciones al aire libre, una imágenes que recuerdan al posado de los reyes Felipe y Letizia con sus hijas para celebrar su 20 aniversario de boda en', 'La Infanta posó para estas fotos antes de regresar al internado de Gales y ha escogido un look sobrio y elegante en tonos azules, uno de sus colores favoritos de su hermana y también suyo como demostró con el conjunto de Cayro Woman que lució en la gradua', 4, 1),
(5, 'La familia Flores se reúne al completo: así ha sido el bautizo de Nala, la hija de Elena Furiase', '2025-05-04', 'Un bautizo. Esa ha sido la excusa perfecta para reunir a toda la familia. Elena Furiase ha celebrado el de su segunda hija, Nala, fruto de su relación con Gonzalo Serra, cuatro meses después de su nacimiento. Una merecida ocasión para que todo el clan Flores se haya desplazado al completo hasta La Moraleja, en Madrid. Tanto es así que Lolita y Rosario se han reencontrado con su tía Carmen y con la gran estrella internacional del momento en la familia: Alba Flores. Ha sido complicado por las agendas de cada una de ellas, pero Elena Furiase, que se inspiró en El rey león para ponerle nombre a su hija, ha conseguido la celebración que quería; rodeada de todos sus seres queridos.', '../../assets/img_noticias/nala.webp', 'La reunión de Lolita y Rosario Flores con su tía Carmen', 'La pequeña Nala ha recibido aguas bautismales en la localidad madrileña de La Moraleja, donde reside la familia desde hace años. Los primeros en acudir al evento eran los orgullosos padres, Elena Furiase y Gonzalo Serra, tanto con Nala como con su hermano mayor, Noah, de cuatro años, quien llegó de la mano de su padre y protagonizó la anécdota del día: quiso tener el protagonismo durante la ceremonia interrumpiendo para ir al baño. Por lo demás todo el evento fue muy bien y la familia entraba con mucha alegría: Con muchas ganas de bautizo e ilusión, que es un día muy importante, dice Lolita Flores antes de entrar a la iglesia.', 'Pero si ha habido alguien que haya destacado en el evento esa ha sido Carmen Flores, que no conocía todavía a su sobrina: No me quería perder el bautizo por conocerla y por ver a mis sobrinas, asegura. Una ocasión única en la que hemos podido ver a Lolita y a Rosario junto a su tía.', '../../assets/img_noticias/esmeralda.jpg', 'El gramy de rosario y los padrinos de nala', ' Rosario Flores acababa de aterrizar en Madrid después de recibir un premio Grammy por su carrera musical. Ella y su mánager, Mariola Orellana llegan tras haber estado en la reboda de Eugenia Martínez de Irujo en Las Vegas: Estoy contentísima. Mi niña Nala... Estamos todos radiantes. No paramos, estoy agotada, ha contado frente a las cámaras.', 'Los padrinos de Nala han sido la hija de Rosario, Lola, y el hijo de Lolita y hermano de Elena, Guillermo, ambos muy felices de ocupar ese pedazo de puesto como han dicho. Además de todos sus seres queridos, también han asistido varios amigos que ha convertido este evento familiar en todo un desfile de los rostros conocidos que no se han querido perder el bautizo de Nala, como Esmeralda Moya, gran amiga de Furiase. Porque si hay algo que gusta a la familia Flores es reunirse y celebrar las ocasiones especiales.', 5, 1),
(6, 'María Teresa Campos: esta es la herencia que deja a sus hijas, Terelu y Carmen', '2025-05-28', '50 años de carrera, el cariño del público y... una gran fortuna. Se dijo que por temporada televisiva llegó a cobrar tres millones de euros. Unos ingresos que, según el portal Vanitatis, la \'reina de las mañanas\' gastó en caprichos como zapatos de diseño, bolsos, y hasta un colgante y sortija diseñados por Felipe González. ', '../../assets/img_noticias/maria_teresa.webp', '¿Qué herencia reciben las hijas de María Teresa Campos?', 'Donde más invirtió fue en vivienda. La joya de la corona era su mansión en Las Rozas, a las afueras de Madrid, situada en una parcela de 6000 metros cuadrados. Una casa que contaba con 12 habitaciones, 15 cuartos de baño, gimnasio, piscina climatizada, jacuzzi y hasta un cine privado.', 'En 2017, María Teresa Campos, \'reina de las mañanas\' por cuatro millones de euros, pero finalmente solo consiguió dos millones y medio. Antes de morir, se deshizo de un ático en Pozuelo de Alarcón por 1,3 millones de euros, así como de una de las dos casas que tenía en Málaga.Con todo ello, María Teresa Campos gastó la mayoría de su patrimonio en brillantes, \'manolos\', casas y muchas otras cosas. Así que, ¿cuál es el verdadero patrimonio que les queda a sus hijas? Pues la verdad es que también tenía alma de empresaria y llegó a administrar dos sociedades dedicadas a la producción audiovisual, una de ellas con activos de casi tres millones de euros. Esta es la herencia que ahora tendrán que gestionar Terelu y Carmen.', '../../assets/img_noticias/marias.webp', 'Preocupación por Terelu', 'El último mensaje que Terelu ha publicado, ha despertado la preocupación de su entorno. Tras la muerte de María Teresa Campos, la presentadora se enfrenta al duro momento de la ausencia, siempre con el apoyo de su hija. \"Mi mamá. El amor de mi vida, mi maestra, mi referente... Estoy desolada. No sé cómo voy a ser capaz de no verla, acariciarla, mimarla y sobre todo, ¡amarla!\", ha escrito la hija de la presentadora en sus redes sociales junto a una imagen de ella con su madre. Trabajaron juntas por primera vez juntas en TVE en 1991 y tres décadas después, sus caminos se han separado.', 'Pero lo alarmante está al final: \"Solo quiero desaparecer para estar a su lado\", asegura públicamente. Unas palabras de Terelu que han generado inquietud y preocupación entre sus familiares y amigos. Un desgarrador mensaje que evidencia el duro momento por el que está pasando. Sin embargo, su hija, Alejandra Rubio con estas declaraciones: \"No me he asustado porque la conozco, sé cómo es ella, Se quiso desahogar y lo puso. He hablado con ella, pero es su madre y yo no me meto en lo que ella tenga que decir de sus sentimientos\", dice. Y es que Terelu le ha dicho que esté tranquila porque el pilar de su vida es ella.', 6, 1),
(7, '¿Qué fue de Amaya Uranga, la mítica voz de Mocedades?', '2025-05-28', 'El Festival de Eurovisión 2023 ya ha empezado su cuenta atrás: se celebra los días 9, 11 y 13 de mayo en Liverpool. Y qué mejor ocasión para recordar a uno de los grupos que mejor huella dejaron en el concurso, Mocedades, que a un mes de que se celebre la gran final de este año, se cumple medio siglo de su actuación en el certamen musical con \"Eres tú\". ', '../../assets/img_noticias/amaya_voz.webp', 'Una gran voz puesta en escena', 'Y puestos a echar la vista atrás, la cantante recuerda sus inicios en el mundo de la música. “Yo aprendí a tocar la guitarra con una tía mía. Se llamaba “La Valentina”, y estaba llena de esparadrapos, pero se afinaba, se ponía la nota y ya está”. Comenzó a desarrollarse en los coros escolares, para después formar un trío junto Izaskun y Estíbaliz, las hermanas Uranga. Transcurrido el tiempo formaron equipo junto a sus hermanos y otros amigos el grupo Voces y Guitarras. “Eso fue lo que nos hizo de alguna forma poder valernos por nosotros mismos. Ya luego aparecieron los que tocaban muy bien. Llegaban estos y decía qué pinto yo aquí tocando la guitarra con estos señores”, reconoce Amaya.', 'Ellos eran un grupo de amigos que hacían lo que más le gustaba, tocar música. Sus vidas cambiaron para siempre cuando la maqueta llegó a manos del productor Juan Carlos Calderón, que fascinado por sus voces privilegiadas se convirtió en su productor. Él les abrió paso en el mundo de la música y les dio el pasaporte a la fama rebautizándolos como Mocedades. El grupo arrasó y convirtió en icónicos temas como “Amor de Hombre”, \"Secretaria, \"Maitechu mía\", \"Tomate y déjame” y “Eres tú”, el hit con el que triunfarían en Eurovisión.', '../../assets/img_noticias/amaya.webp', '“Eres tú”, una de las mejores canciones de Eurovisión', 'El grupo Mocedades fue el encargado de representar a España en Eurovisión en 1973. La canción no resultó ganadora y quedó en un fantástico segundo puesto en el certamen celebrado en Luxemburgo, a solo cuatro puntos de la ganadora, \"Tu te reconnaîtras\", de Anne-Marie David. Sin embargo, tras el festival el tema español logró un éxito apoteósico. “Los de Luxemburgo se empeñaron en que aquella canción era de lo mejor, y así fue la historia. Eso nos ayudó a recorrer todo el mundo”, dice Amaya. El tema alcanzó una gran popularidad en Europa, América Latina y Estados Unidos, posicionándose en las listas de todo el mundo. En la actualidad cuenta con más de 70 versiones en varios idiomas. Il Divo, Andrés Calamaro, Luis Miguel, Morat o Bertín Osborne son algunos de los que han dado voz a este éxito.', '\"Eres tú\" ha hecho historia y ha traspasado fronteras, pero… ¿A Amaya le hacía ilusión representar a España? “A mí lo de Eurovisión no me hacían mucha gracia, lo he dicho siempre, porque hay que poner en tela de juicio cómo lo hace uno y cómo lo hace otro\". A pesar de ello, la cantante reconoce que fue una experiencia interesante y que se rieron un montón. \"Eres tú\" ostenta el puesto de la canción española con más puntuación en todas las ediciones del festival, 125 puntos.', 7, 1),
(8, 'Rumores y una macrofiesta: así ha sido la boda del millón de euros', '2025-05-28', 'Por fin Tamara Falcó e Íñigo Onieva son marido y mujer. La pareja se dio el el \'sí, quiero\' después de un año de lo más convulso y pese a que estaba previsto que la ceremonia empezaría a las 19:00 horas, la novia llegó tarde atendiendo a las buenas costumbres, por lo que la celebración empezó 45 minutos más tardes. Es sin duda la boda de año y una de las más caras y extravagantes de la última década, con varios días de celebración: preboda en el hotel Ritz, 400 invitados, música en directo, 250 empleados, 45 cocineros y una exclusiva de un millón de euros...', '../../assets/img_noticias/Tamara-boda.webp', 'El drama del vestido de Tamara Falcó: el drama del vestido de Carolina Herrera', 'Tamara casi se queda sin vestido para su boda, pero Carolina Herrera ha sido su salvadora. En abril, un equipo del programa Corazón entrevistó a las que diseñadoras iniciales de su vestido de la firma Sophie et Voilà: \"No todo el mundo lo va a entender. Hay novias que entran por la puerta y hay gente a la que les gusta y gente igual que no es tan de su estilo. Pues con Tamara pasará lo mismo\", dijeron. Sin embargo, al final quienes no entendieron nada fueron ellas mismas y Tamara Falcó: \"No podemos cumplir con determinadas exigencias de la señora Falcó por acercarse demasiado a diseños ajenos a nuestra firma\", dijeron.', 'Así es como, una vez más, la vida prenupcial de Tamara Falcó se ponía patas arribas… El vestido de la novia es sagrado en una boda, y la hija de Isabel Preysler se acababa de quedar sin él. Sin acuerdo por parte de ambas, la marquesa de Griñón tuvo que buscar a dos meses de su boda una solución, y la encontró en una vieja amiga de la familia: Carolina Herrera. El vínculo con la diseñadora se remonta a décadas atrás, gracias a su madre, Isabel Preysler. Después de mensajearse con Wes Gordon, director creativo de la firma, la marquesa ha viajado a Nueva York varias veces para las pruebas del traje.', '../../assets/img_noticias/tamara-falco-vestido-pedida_98.webp', 'Un año de contratiempos antes de la boda: el camino de Tamara e Íñigo hasta el altar', 'Tamara Falcó e Íñigo Onieva se casan tras muchos meses de contratiempos, escollos, problemas. La boda de Tamara Falcó e Iñigo Onieva ha estado plagada de piedras en el camino desde que se prometieron: infidelidades, problemas de salud, robo de joyas... Es una boda llena de sobresaltos que se ha ganado el nombre de \"gafada\", según celebs como el Maestro Joao o Isabelle Junot.', 'El primer problema llegó el día de la pedida, cuando un video de Iñigo Onieva besando a otra mujer salía a la luz horas antes de anunciar su compromiso. Entonces supimos cómo medía el tiempo Tamara: \"Me da igual si han sido seis segundos o un segundo en el metaverso. Aquí se acaba todo\", dijo entonces. Pero en enero se obraba el milagro. Íñigo hizo propósito de enmienda y Tamara le dio una segunda oportunidad. Se reactivaba la boda, pero tuvieron que cambiar la fecha: querían el 17 de junio, pero ese día la prima de la novia, Isabelle Junot, salía de cuentas de su embarazo y la pospusieron al sábado 8 de julio.', 8, 1),
(9, 'Bunbury desvela por qué tiene problemas de garganta: es intolerante a esta sustancia', '2025-05-28', 'Covid-19, contaminación, pánico escénico, todo pasaba por su mente. Bunbury no sabía por qué había empezado a tener problemas de garganta, algo que lo llevó a suspender su gira y anticipar su retirada: \"Me es imposible hacer más conciertos\", dijo cuando vio que no podía seguir cantando. Preocupado por su salud, el cantante comenzó hace ya un año múltiples análisis y pruebas médicas.', '../../assets/img_noticias/bury.webp', '¿Por qué tiene Bunbury problemas de garganta?', 'El exlíder de Héroes del Silencio explica en la citada entrevista que desde el segundo concierto de la gira empezó a tener problemas claros, sobre todo por la noche: \"Tenía una tos compulsiva que no me dejaba dormir. Me destrozaba la garganta y tenía una sensación en los pulmones como de arena, de haber respirado polvo\", confiesa. Su gran duda era el por qué le ocurría solo cuando tocaba en directo y no tenía síntomas ni en el estudio de grabación ni en colaboraciones. Solo tenía problemas sobre el escenario.', 'Tras someterse a diversas pruebas, el diagnóstico a sus problemas con la voz no es otro que la intolerancia a una sustancia líquida sintética llamada glicol que se encarga de absorber agua para liberar humo en los shows. Con más de 35 años a sus espaldas y cientos de conciertos realizados, se trata de una enfermedad profesional que el cantante desconocía hasta ahora. Un hecho que el propio Enrique Bunbury.', '../../assets/img_noticias/el-musico-enrique-bunbury.jpeg', 'Bunbury se retira de los escenarios', 'Bunbury anunció que se retiraría de los escenarios por problemas de garganta. Ha reaparecido un año después con ese \"dolor de sentir alejamiento del público\" por no poder actuar en vivo, ya que valora mucho el vínculo que se establece entre las personas y el artista sobre el escenario: \"Un concierto no es un mero acto promocional. Es un momento de comunicación con gente que ha vivido y ha sentido tus canciones\", asegura.', 'Quiere seguir componiendo música. Para ello el artista lanza Invulnerables, el primer single de adelanto de un disco que se estrenará el 26 de mayo de 2023. Se trata de un álbum en el que vuelca todos estos traumas por los que ha pasado en el último año debido a sus problemas de garganta: \"Es el resultado de pasar a la música todo lo que siento y ahorrarme el psicólogo. Lo que es un alivio mayor es saber lo que me ocurre porque estuvo durante mucho tiempo viviendo en la ignorancia de qué me estaba pasando\", cuenta.', 9, 1),
(10, 'Andrés Iniesta y Anna Ortiz reciben a su quinto hijo: ¿qué otros famosos tienen familia numerosa?', '2025-05-28', 'Hace ya un par de años que experimentamos un \'baby boom\' de los famosos. Son muchas las parejas de actores, futbolistas, cantantes y modelos que han ampliado la familia casi anualmente. Algunos hasta llegar a ser una gran familia numerosa como la que tienen Pilar Rubio y Sergio Ramos. Aunque sin duda ninguna los grandes referentes en cuanto a número de hijos se refiere siguen siendo a día de hoy Angelina Jolie y Brad Pitt, quienes criaron a seis hijos de diferentes nacionalidades en sus más de 10 años de matrimonio. Estos son todos los famosos que han formado una familia numerosa.', '../../assets/img_noticias/iniesta.jpg', 'Andrés Iniesta y Anna Ortiz', 'Andrés Iniesta y Anna Ortiz están de enhorabuena. No quisieron revelar nada, aunque la revista semana lo adelantó en Navidad: estaban esperando un quinto hijo. A Anna Ortiz se le notaba su tripita de mamá. Ahora lo han hecho oficial. Tras la llegada de sus cuatro hijos —Valeria, Paolo Andrea, Siena y Romeo—, la familia está muy feliz de tener un quinto miembro familiar: una niña a la que han llamado Olympia. \"Bienvenida. Con mucho amor estábamos esperándote. Y felicidades a nuestra supermami. Día maravilloso\", escribe el futbolista junto a la imagen con la que ha presentado a la pequeña. Una tierna fotografía de sus pies arropados por patucos de bebé con un chupete grabado con su nombre al lado.', 'Una maravillosa noticia para la pareja, cuya prudencia a haberlo contado antes imperaría debido a la \"experiencia supertraumática\" que les puso sus vidas \"patas arriba\" en 2014, cuando perdieron al que iba a ser su segundo hijo tras ocho meses de embarazo. Mientras tanto, Iniesta y Anna siguen viviendo junto a sus hijos en la localidad japonesa de Kobe, donde están perfectamente adaptados a la cultura oriental.', '../../assets/img_noticias/iniesta 2.jpg', 'Alice Campello y Álvaro Morata', 'Apenas un par de semanas después de renovar sus votos nupciales en una romántica ceremonia en Italia en la que la modelo se volvió a vestir de novia con los pequeños de la familia como protagonistas, la pareja nos sorprende ahora con un anuncio muy especial: Alice Campello era una de las famosas embarazadas en 2022. La italiana y Álvaro Morata anunciaron que ampliaban la familia a través de sus redes sociales con una tierna imagen en el jardín de su casa, donde el futbolista y sus hijos besan la barriguita de la influencer.', 'Apenas un par de semanas después de renovar sus votos nupciales en una romántica ceremonia en Italia en la que la modelo se volvió a vestir de novia con los pequeños de la familia como protagonistas, la pareja nos sorprende ahora con un anuncio muy especial: Alice Campello era una de las famosas embarazadas en 2022. La italiana y Álvaro Morata anunciaron que ampliaban la familia a través de sus redes sociales con una tierna imagen en el jardín de su casa, donde el futbolista y sus hijos besan la barriguita de la influencer.', 10, 1),
(11, 'Maluma y sus polémicas declaraciones sobre el Mundial de Qatar: esto es realmente lo que ha dicho', '2025-05-28', 'El Mundial de fútbol de Qatar 2022 da el pistoletazo de salida. Hoy, a las 15:45 horas ha arrancado uno de los mundiales más polémicos que se recuerdan, con la ceremonia de inauguración. En ella se tenía previsto que actuasen BTS y Black Eyed Peas, así como Maluma y Nicki Minaj, quienes iban a interpretar la canción oficial de evento, \"Tukoh Taka\", que se estrenó un día antes del inicio de la competición.', '../../assets/img_noticias/maluma.webp', 'Maluma y el polémico Mundial de Qatar: ¿qué ha dicho?', '\"Yo vine a celebrar la fiesta del fútbol. A poner mi bandera y mi cultura en el evento más importante de la historia de los deportes\". Estas son las palabras de Maluma después de la lluvia de críticas que le han caído por decir que sí a actuar en la previa del Mundial de Qatar, un país donde no se respetan los derechos humanos. El cantante ha compartido estas declaraciones a través de sus redes sociales.', 'El cantante no para de acaparar titulares por su opinión sobre el Mundial de Qatar en un programa israelí: \"Esa es mi tarea y mi legado. No voy a cambiar. Si algunos no quisieron venir es su problema\". Después el periodista ha insistido y Maluma ha empezado a mostrar su enfado tras tachar de \"grosero\" al periodista: \"Es algo que no puedo resolver, solo he venido aquí a disfrutar de la vida y de la fiesta del fútbol, lo demás es algo en lo que no quiero verme envuelto\", ha asegurado el artista, dejando con la palabra en la boca al presentador tras levantarse e irse del plató.', '../../assets/img_noticias/maluma2.webp', '¿Cuánto cobra Maluma por actuar en Catar?', 'La violación de los derechos humanos es el motivo por el que algunos artistas como Shakira, Dua Lipa, Rod Stewart y Chanel, entre otros, se han negado ir al mundial. Han rechazado así la oferta de aproximadamente un millón de euros. ¿Pero cuánto cobrará Maluma? Hay que decir que hay dos tipos de conciertos: públicos y privados. Las actuaciones públicas serán pagadas por el Gobierno de Catar, mientras que los privados estarían a cargo de distintas empresas que pagarían hasta 450 000 euros por un concierto.', 'En el caso de Maluma, de momento se ha embolsado alrededor de 300 000 euros por su actuación el sábado 19 de noviembre junto a Myriam Fares. Esta tarde finalmente no ha actuado en el estadio Al Bayt, tras lo cual empezó el partido inaugural entre el país anfitrión, Catar, y Ecuador: síguelo en directo a las 17:00 horas en RTVE.', 11, 1),
(12, 'Un ataque israelí contra otra escuela en Gaza deja al menos 30 muertos ', '2025-05-28', 'Un ataque aéreo israelí contra otra escuela en Gaza ha matado al menos a 30 personas y ha dejado decenas de heridos, según la Defensa Civil palestina. Entre las víctimas en la escuela Fahmi Al Jarjawi, en el barrio de Al Daraj, en ciudad de Gaza, hay varios menores de edad. Ward Jalal, una niña de seis años, ha sido rescatada bajo una losa del colegio junto a restos carbonizados. Las bombas israelíes han matado a su madre y a sus seis hermanos, y su padre permanece en estado crítico. Imágenes muestran como deambulaba perdida y sola entre las llamas en medio del bombardeo israelí al colegio donde se refugiaba junto a decenas de palestinos.', '../../assets/img_noticias/israel.webp', '15 muertos en una casa en Yabalia', 'Las tropas israelíes también han matado a otras 15 personas en el bombardeo de una vivienda al este de Yabalia (norte). \"La casa tiene dos pisos y quedó completamente destruida\", han explicado a Efe fuentes locales. Por su parte, el Ejercito israelí ha asegurado haber interceptado un cohete lanzado desde el sur de la Franja y que otros dos han caído en el mismo enclave palestino.', ' El Ejército ha ordenado a la población que abandone inmediatamente varios barrios de Jan Yunis (sur) desde donde se supone que se lanzaron los cohetes. La misma fuente ha comunicado que entre el domingo y el lunes se han llevado a cabo 200 ataques contra supuestos \"objetivos\" de las milicias palestinas.', '../../assets/img_noticias/israel2.webp', 'Renuncia el jefe de la empresa elegida por EE.UU. e Israel para repartir la ayuda humanitaria', 'El presidente ejecutivo de la empresa elegida por Israel y EE.UU. para gestionar la distribución de ayuda humanitaria en Gaza ha dimitido por la imposibilidad de llevar a cabo el plan de sus patrocinadores respetando al mismo tiempo los \"principios humanitarios\".', '\"Estoy orgulloso del trabajo que he supervisado, incluido el desarrollo de un plan pragmático que podría alimentar a personas hambrientas, abordar las preocupaciones de seguridad sobre desvíos y complementar el trabajo de las ONG de larga trayectoria en Gaza\", ha declarado el director de la Fundación Humanitaria de Gaza (GHF, por sus siglas en inglés), Jake Wood, en un comunicado. \"Sin embargo, está claro que no es posible aplicar este plan y al mismo tiempo respetar estrictamente los principios humanitarios de humanidad, neutralidad, imparcialidad e independencia, que no abandonaré\", ha añadido.', 12, 2),
(13, 'Abusos a menores tutelados: radiografía de una realidad perversa', '2025-05-28', 'Naiara vivió de los 14 hasta los 18 años en un centro de menores. La suya es una de esas historias marcadas por el vacío emocional. Su madre, con problemas de alcohol, la maltrataba. También maltrataba a su hermana, que hoy sigue bajo el sistema de protección.', '../../assets/img_noticias/noticia.jpeg', 'Las carencias emocionales, su mayor vulnerabilidad', 'Sin entender la vulnerabilidad emocional de los menores, dicen los expertos, nunca llegaremos a entender por qué son un blanco fácil para agresores y redes de explotación sexual. “Ellos han detectado esas necesidades, y lo que hacen es ofrecerles esa atención, ese afecto, esa relación especial con un adulto”. Una relación con un adulto que en un centro debe tejerse con un profesional formado de referencia, que sepa orientar y poner límites al menor.', 'Quien nos lo explica es Noemí Pereda, profesora de victimología en la Universidad de Barcelona. Lidera el Grupo de Investigación en Victimización Infantil y Adolescente (GReVIA). Han trabajo con varias comunidades autónomas para evaluar la dimensión del problema y proponer soluciones. Su primer trabajo fue, en 2020, para el Instituto Mallorquín de Asuntos Sociales (IMAS), a raíz, precisamente, de un caso en Baleares.', '../../assets/img_noticias/noticia2.jpeg', 'Datos incipientes, pero alarmantes', 'En Mallorca, por ejemplo, más de la mitad de educadores sociales encuestados declaraba haber conocido al menos un caso de explotación sexual a lo largo de su carrera. Datos similares a los que se dan en Aragón. Otro informe elaborado por Grebia para el Gobierno de Cantabria cuantificaba las situaciones de abuso sufridas por los adolescentes que viven en centros residenciales. Casi 1 de cada 5 menores de 14 a 17 años encuestados reconocía haber estado involucrado en algún caso de explotación sexual. El 13% admitió haberse desnudado o haber mandado fotos y vídeos a cambio de dinero, alcohol, drogas o regalos. El 10% había mantenido relaciones sexuales.', 'En nuestro país no hay un registro de casos de abusos. El grueso de las competencias está descentralizado. Y la falta de datos, como en casi todos los ámbitos, complica la toma de decisiones. El problema no es sólo español. Es, como mínimo, europeo. Países como el Reino Unido están empezando a cuantificarlo para actuar. Lo que está claro, dicen los expertos —y en eso coincide el Gobierno— es que hay avanzar hacia un sistema en el que el acogimiento familiar sea el mayoritario para esas chicas y chicos.', 13, 2),
(14, 'Trump acepta la propuesta de Von der Leyen de extender la negociación sobre los aranceles hasta el 9 de julio', '2025-05-28', 'El presidente de Estados Unidos, Donald Trump, ha confirmado este domingo que acepta la propuesta que le planteó en una conversación telefónica la presidenta de la Comisión Europea, Ursula von der Leyen, para extender las conversaciones hasta el 9 de julio y lograr un acuerdo comercial.', '../../assets/img_noticias/arancel.webp', 'Trump amenazaba a la UE con aranceles del 50% a partir del 1 de junio', 'La conversación mantenida este domingo con Von der Leyen, que Trump ha calificado de \"buena\", se produce dos días después de que el neoyorquino amenazara con imponer a las importaciones de la Unión Europea (UE) un gravamen del 50%. Esta amenaza se debe a que considera que las conversaciones iniciadas tras la tregua de 90 días decretada en abril \"no están yendo a ninguna parte\".', '\"Estoy seguro de que ahora la UE quiere llegar a un acuerdo con todas sus fuerzas, pero simplemente no lo hacen bien\", dijo Trump horas después en un encuentro con periodistas en el Despacho Oval de la Casa Blanca. El mandatario respondió con un escueto \"no lo sé\" al ser preguntado sobre qué tenía que hacer la UE para evitar el gravamen del 50%. \"A día de hoy va a suceder el 1 de junio\", aseguró Trump.', '../../assets/img_noticias/arancel2.jpeg', 'La propuesta por conversación telefónica', 'Ese mismo día, el comisario europeo de Comercio, Maros Sefcovic, mantuvo una conversación telefónica con su homólogo estadounidense, Jamieson Greer, tras la cual manifestó que el comercio entre la Unión Europea y EE.UU. debe regirse por \"el respeto mutuo, no por las amenazas\" y reiteró la determinación de la UE de defender sus intereses.', 'Antes de que amenazara el pasado viernes con imponer a partir de la semana próxima un impuesto aduanero del 50%, Trump había fijado el 9 de julio como fecha para mantener la pausa del \"arancel recíproco\" que le impuso a la UE, que pasaría de pagar el 1% de aranceles que abona actualmente a un 20% una vez rebasada esa fecha.', 14, 2),
(15, 'Suspendidas las declaraciones de los excargos de Ayuso imputados por las muertes en las residencias de Madrid', '2025-05-28', 'Las declaraciones como imputados de los ex altos cargos del Ejecutivo madrileño de Isabel Díaz Ayuso, Carlos Mur y Francisco Javier Martínez Peromingo, y el doctor Antonio Burgueño, exasesor sanitario de la Comunidad de Madrid, que estaban previstas este lunes, se han suspendido por un defecto de forma en el proceso, según fuentes presentes en la declaración, al asegurar los abogados de los investigados que no les habían dado un adecuado traslado de las actuaciones.', '../../assets/img_noticias/ayuso.jpeg', 'Las familias, al conocerse la suspensión: \"¡Vergüenza, vergüenza!', 'Los familiares de las víctimas, convocados por las asociaciones Marea de Residencias, 7291: Verdad y Justicia y Pladigmare —Plataforma por la Dignidad de las Personas Mayores en Residencias— se manifestaban en la puerta de los juzgados de Plaza de Castilla a la hora a la que estaba prevista la declaración de los tres imputados, y han recibido la noticia de la suspensión de la declaración al grito de \"vergüenza\".', 'A Burgueño, que había llegado a los juzgados pocos minutos antes de las 12:00 también le han recibido con gritos de \"vergüenza\" y le han pedido \"justicia y reparación\", a lo que el exasesor de Ayuso ha respondido con estas palabras: \"Ciudadanos y víctimas estamos en el mismo lugar\". Antes de conocerse la decisión de suspender la declaración, la portavoz de Marea de Residencias, Carmen López, calificaba la citación como imputados de los tres excargos de Ayuso como \"un hito que marca un paso diferente en este periplo\" que llevan \"de búsqueda de justicia\", algo \"muy relevante\" independientemente de cuál sea el resultado final.', '../../assets/img_noticias/ayuso2.jpeg', 'El PP da su \"máxima confianza\" al Gobierno Ayuso y ve \"utilización política\"', 'El líder del PP, Alberto Núñez Feijóo, ha afirmado al ser preguntado en una entrevista en Telecinco, por la declaración como imputados este lunes de tres ex altos cargos de Díaz Ayuso, se ha mostrado \"convencido\" de que las comunidades autónomas actuaron conforme a protocolo epidemiológico. Y ha asegurado que no tiene \"nerviosismo\" y con los datos en la mano \"la mortalidad respecto a otras comunidades autónomas está muy por debajo\".', '\"Máximo respeto\" ha expresado el portavoz y vicesecretario de Cultura del PP Borja Sémper en relación con las decisiones adoptadas por la Fiscalía y la investigación. También ha recordado que \"numerosas\" denuncias han sido archivadas y ha considerado que hay \"utilización política\" en las muertes de mayores en residencias en la primera ola de la pandemia.', 15, 2),
(16, 'El PSOE niega una operación para acabar con la UCO y el PP acusa al Gobierno de \"perseguir\" a la Guardia Civil', '2025-05-28', 'El PSOE ha desmentido “de forma categórica” que exista una operación clandestina de los socialistas para acabar con la Unidad Central Operativa (UCO) de la Policía, a raíz de una información publicada en las últimas horas. \"Es falso\", sentencian, y prevén iniciar acciones legales. El líder del PP, Alberto Núñez Feijóo, cree que esta publicación refleja “la decadencia más absoluta” de la política.', '../../assets/img_noticias/psoe.jpeg', 'El PSOE lo desmiente y critica la \"ofensiva diaria contra los socialistas\"', 'El Partido Socialista ha asegurado que relacionar al partido con las personas que aparecen en los audios \"solo busca un salto más\" en lo que entiende como una \"ofensiva diaria contra los socialistas\". Además, denuncia que se le imputan unas actividades \"de forma falsa e interesada\".', '“El PSOE se reserva el derecho de iniciar las acciones legales que crea oportunas, ante una publicación que considera difamatoria y claramente destinada a realizar un daño reputacional al partido”, prosiguen las fuentes. Avisan además de que \"ninguna de las personas\" que aparece en la grabación que publica el diario digital \"está en nómina en el PSOE\": \"Decir lo contrario solo busca un salto más en esta ofensiva diaria contra los socialistas\".', '../../assets/img_noticias/psoe2.jpeg', 'Feijóo: \"Cuando un Gobierno persigue a la Guardia Civil algo ha fallado\"', 'En el PP, el líder del partido, Alberto Núñez Feijóo, ha sido preguntado por esta información en una entrevista en Telecinco. “En la España en la que yo creo a la Guardia Civil se la respeta, no se la difama”, ha proclamado. El portavoz del PP, Borja Sémper, ha calificado “de tal gravedad” los hechos que cree que “son comportamientos más propios de una organización de carácter mafioso” que de un partido político. Ha asegurado que “esta operación nace en el PSOE” ya que a su juicio no podría haberse llevado a cabo “sin que lo sepa su secretario general”, Pedro Sánchez.', 'Además, ha criticado que “cuando un Gobierno protege a un fiscal general que ha borrado pruebas y se persigue a la Guardia Civil, algo ha fallado” y sitúa esta noticia “en la decadencia más absoluta” de la política, por lo que ha asegurado que “conviene un corte quirúrgico y empezar una nueva etapa”.', 16, 2),
(17, 'El Gobierno anuncia ayudas de hasta 100 euros de ayuda para lentes', '2025-05-28', 'El presidente del Gobierno, Pedro Sánchez, ha anunciado que los menores de 16 años con problemas de visión podrán contar con una ayuda directa de hasta 100 euros para adquirir gafas o lentillas de cara al próximo curso escolar.La medida, que se va a aplicar de manera homogénea en todo el territorio español, contará con un presupuesto total de 48 millones de euros, y se concederá anualmente con independencia de la situación económica de la familia, las necesidades visuales de cada menor o la comunidad autónoma en la que vivan.', '../../assets/img_noticias/lentes.webp', 'El Gobierno anuncia ayudas de hasta 100 euros para los menores de 16 años que necesiten comprar gafas o lentillas', 'El jefe del Ejecutivo ha indicado que estas ayudas comenzarán a concederse a partir del próximo curso escolar, que arranca en septiembre, y que beneficiarán a medio millón de niños y niñas. \"Hoy damos un pasó más para ampliar las prestaciones de nuestro Sistema Nacional de Salud\", ha sostenido Sánchez.', 'El Gobierno dotará al Consejo General de Colegios de Ópticos y Optometristas de una transferencia por el importe de esos 48 millones de euros ya indicados, que servirán para descontar directamente hasta 100 euros de la factura del centro óptico. Mónica García ha afirmado que estas ayudas buscan universalizar el acceso a gafas o lentillas, pues el \"derecho para ver bien no entiende de rentas\", y evitará \"trámites innecesarios\".', '../../assets/img_noticias/lentes2.jpeg', '\"Blindar el sistema público de salud\"', '\"Tenemos que escuchar a la inmensa mayoría de la sociedad española, que quiere una sanidad pública, universal, gratuita y de calidad. La salud tiene un coste, pero no tiene precio. Un buen sistema público de salud es la inversión más segura para una sociedad que protege a los vulnerables y que no se rinde ni ante la enfermedad, ni ante la adversidad\", ha concluido.', 'El Ministerio de Sanidad hace así realidad el programa de subvenciones que García anunció en los primeros meses de su mandato. De forma paralela, el Congreso de los Diputados está tramitando la propuesta del Parlamento de Andalucía para que la sanidad pública asuma la prestación de gafas y otros productos ópticos.', 17, 2),
(18, 'La factura secreta de las especies invasoras: su impacto económico es hasta 17 veces mayor de lo que se creía', '2025-05-28', 'La gravedad del impacto a los ecosistemas de las especies invasoras era de sobra conocida, pero no así tanto el coste económico de afrontar el problema. La factura podría ser un 1.646% superior a lo que se pensaba en el caso de unas 162 especies, es decir, casi 17 veces más, según un nuevo estudio publicado este lunes en la revista Nature Ecology & Evolution.', '../../assets/img_noticias/invasora.jpeg', 'Un impacto similar al de los fenómenos extremos', 'Para ofrecer una representación más precisa de los costes a escala mundial, Soto, junto al coautor principal Brian Leung y sus colegas, han combinado los costes estimados (como los daños a la agricultura) a escala nacional de 162 especies con modelos de su distribución por el mundo.', 'Además, los autores han creado modelos para calcular los costes de estas especies en otros países, incluidos 78 de los que no se disponía de datos, como Bangladés, Costa Rica, Chipre y Egipto. Se calcula que el daño económico total a escala mundial han sido de unos 35.000 millones de dólares anuales en los últimos 60 años.', '../../assets/img_noticias/invasora2.jpeg', 'Las plantas invasoras, las más dañinas', 'Las plantas invasoras —como el arbusto de las mariposas, el jacinto de agua y la prímula de agua— han resultado ser el grupo con el coste total estimado más elevado en los últimos 60 años (926.380 millones de dólares). Por ejemplo, se calcula que el impacto ambiental de la planta de acacia negra ha costado a Sudáfrica 2.000 millones de dólares. Los artrópodos (830.290 millones de dólares) y los mamíferos (263.350 millones) son los siguientes grupos con mayores costes totales estimados.', 'El estudio muestra que reaccionar una vez la especie ya está implantada en un territorio supone una gestión \"demasiado tardía y mucho más costosa\", según afirma Laura Varone, investigadora del Consejo Nacional de Investigaciones Científicas y Técnicas de Argentina, en declaraciones al Science Media Centre España. Por ello, defiende que las iniciativas preventivas y proactivas de control \"basadas en la ciencia y respetuosas con el medio ambiente no solo son rentables, sino también necesarias para la resiliencia ecológica a largo plazo\".', 18, 2),
(19, 'Albares precisa que el embargo de armas a Israel solo afectaría a la venta y pide al resto de países que se sumen', '2025-05-28', 'El ministro español de Exteriores, José Manuel Albares, ha reconocido este lunes en RTVE que su propuesta de un embargo de armas a Israel por la guerra en Gaza se refiere solo a la venta de armas a ese país, pero no a la compra.', '../../assets/img_noticias/16595778.jpeg', '\"Hambruna inducida\" y posible crimen de genocidio', 'Lo que ocurre en Gaza \"ha cruzado el umbral de lo inhumano\", en opinión del ministro de Exteriores, que ha destacado como una \"evidente violación gravísima\" del derecho internacional que Israel impida la entrada de ayuda humanitaria, bombardee a personal humanitario y ataque instalaciones de la ONU y de las organizaciones internacionales.', 'Según Albares, en Gaza \"hay una hambruna inducida cuando la ayuda, incluida la de la Agencia Española de Cooperación, está agolpada en la frontera\". El ministro ha recordado que el acceso a la alimentación es un \"derecho humano básico\" y ha dicho que los palestinos \"no pueden depender de la buena voluntad de Israel\". \"Retener la ayuda humanitaria básica está tipificado dentro de los delitos que constituyen genocidio\", ha advertido.', '../../assets/img_noticias/albares.webp', 'Falta de apoyo en la UE', 'El ministro ha recordado que España e Irlanda fueron los primeros países, hace más de un año, que pidieron que la UE revisara su acuerdo de asociación con Israel a la vista de la situación en Gaza. La semana pasada, otros 15 países se sumaron y forzaron que la Comisión Europea tenga que revisar ese tratado, que en su artículo 2 establece que deben respetarse los derechos humanos.', '\"Todos sabemos cómo va a terminar esa revisión: Israel incumple el articulo 2\", ha zanjado Albares, por lo que Bruselas debe acordar la suspensión del acuerdo. Además, España ha elaborado una lista de 13 colonos israelíes \"violentos\" a los que propone sancionar, una lista que, según el ministro, se debe ampliar.', 19, 2),
(20, 'Dos exdirectivos de Volkswagen, condenados a penas de cárcel', '2025-05-28', 'En el marco del escándalo conocido como \'Dieselgate\', la Audiencia Provincial de Braunschweig, en Alemania, ha condenado este lunes a dos exdirectivos del consorcio automovilístico Volkswagen a penas de cárcel por estafa. Además, otras dos personas han recibido sanciones que podrán cumplirse en libertad condicional, también por su implicación en la manipulación de los datos de emisiones de los motores diésel.', '../../assets/img_noticias/volks.jpeg', 'Uno de los mayores escándalos de la historia económica de Alemania', 'Este caso es uno de los mayores escándalos de la historia económica de Alemania. Hace nueve años se descubrió que el fabricante de automóviles alemán había manipulado las pruebas de emisiones en sus motores diésel, que contaminaban 40 veces más de lo estipulado por la normativa europea. Estas actividades fueron descubiertas en 2015 por las autoridades de Estados Unidos y, en total, el Grupo Volkswagen ha tenido que pagar más de 30.000 millones de euros de indemnizaciones.', 'En abril de 2019, la Fiscalía de Braunschweig presentó la primera acusación que llevó a los cuatros condenados ante los tribunales. El proceso del escándalo, que pasó a denominarse \' diseselgate\', duró cuatro años y estuvo marcado por declaraciones contradictorias entre los ingenieros y los directivos. Mientras los técnicos, acusados de haber desarrollado el sistema para manipular los datos, sostenían que habían advertido a sus jefes de que esto podía tener consecuencias jurídicas, los altos cargos sostenían que nunca se había hablado de que se estuviera incurriendo en algo ilegal.', '../../assets/img_noticias/volk22.jpeg', 'Volkswagen planea cerrar fábricas en Alemania por primera vez en su historia', 'El juicio se produce en un momento en el que el futuro de las sedes alemanas de Volkswagen está en entredicho, ya que el fabricante de automóviles busca ahorrar miles de millones de euros. La empresa está estudiando cerrar alguna de sus fábricas en Alemania por primera vez en su historia.', 'Volkswagen considera necesario hacer \"ajustes estructurales\" en Alemania para hacer frente a la baja demanda y a la necesidad de recortar gastos fijos. Por eso, la compañía tiene previsto cancelar el acuerdo de larga duración que tiene con sus empleados hasta 2029 —vigente desde 1994—, ya que no descarta recortar plantilla, según la prensa alemana.', 20, 2);
INSERT INTO `noticias` (`id_noticia`, `titulo_1`, `fecha`, `contenido_1`, `imagen`, `titulo_2`, `contenido_2`, `contenido_3`, `imagen_2`, `titulo_3`, `contenido_4`, `contenido_5`, `id_titular`, `id_categoria`) VALUES
(22, 'La Guardia Civil desmantela una red que vendía carne sin control sanitario a nueve restaurantes de Madrid', '2025-05-28', 'El Seprona (Servicio de Protección de la Naturaleza) de la Guardia Civil ha desmantelado en las provincias de Madrid, Toledo y Ávila una red dedicada a la comercialización de carne procedente de ganado ovino y caprino que sacrificaban en mataderos de forma ilegal y que distribuían en nueve restaurantes de la Comunidad de Madrid y en venta por internet.', '../../assets/img_noticias/carne.jpeg', 'Más de 350 animales sacrificados', 'Más de 350 animales han tenido que ser sacrificados al encontrarse en condiciones severas de inanición o con enfermedades y malformaciones irreversibles. En estas actuaciones también han intervenido 10.000 euros en efectivo, numerosa documentación, crotales, dispositivos electrónicos, instrumental utilizado para el sacrificio de animales y medicamentos veterinarios.', 'El principal investigado gestionaba una explotación ganadera situada en la provincia de Toledo que operaba de forma clandestina, al no estar registrada en el Registro General de Explotaciones Ganaderas (REGA). Esta situación hacía ilegal cualquier entrada o salida de animales desde dicha instalación. Junto con otro de los implicados, realizaban transportes irregulares de ganado ovino y caprino, recogiendo animales tanto de explotaciones legales como ilegales, y trasladándolos hasta la explotación clandestina. Para tratar de ocultar esta actividad ilícita, utilizaban documentación falsificada con el fin de simular que los traslados eran legales.', '../../assets/img_noticias/carne2.jpeg', 'Mezclaban actividades legales e ilegales', 'Una parte de los animales era enviada directamente a un matadero autorizado de la provincia de Ávila, en el que se mezclaba la actividad legal con la ilegal. Otra parte se trasladaba hasta otra explotación ganadera en San Fernando de Henares (Madrid), que funcionaba como el matadero clandestino principal del entramado. En este lugar, los animales eran sacrificados sin autorización, en condiciones higiénico-sanitarias muy deficientes y sin respetar la normativa de bienestar animal.', 'Parte de la carne procedente de estos sacrificios ilegales era distribuida a través de canales no autorizados. Uno de los detenidos, participaba en el sacrificio de los animales y posteriormente distribuía la carne a nueve restaurantes en la provincia de Madrid, los cuales la incluían en sus cartas e incluso ofrecían su reparto a domicilio a través de plataformas en línea.', 21, 2),
(23, 'Verano adelantado: la Aemet advierte de máximas de hasta 40 grados y el regreso de noches tropicales', '2025-05-28', 'A las puertas del verano astronómico, el verano se adelanta esta semana con un \"inusual\" episodio de altas temperaturas en amplias zonas de España, sobre todo a partir del miércoles, cuando los termómetros se disparen hasta los 40 grados o incluso más y las noches se conviertan en tropicales, aquellas en las que no se baja de los 20 grados.', '../../assets/img_noticias/verano.jpeg', 'Lunes y martes: 37 °C en Sevilla y Córdoba', 'Este lunes la estabilidad atmosférica será la tónica general en casi toda España, con algunas excepciones en el norte y el este peninsular. En el área cantábrica se esperan nubes y alguna lluvia débil, que tenderán a desaparecer a lo largo del día, mientras que en zonas de montaña del este podrían registrarse tormentas aisladas. Las temperaturas apenas experimentarán cambios, aunque se esperan ligeros descensos en el norte y ascensos en el sur. Se superarán los 32 grados en amplias zonas del centro y sur peninsular y se alcanzarán los 34 grados o más en el valle del Guadalquivir. En ciudades como Sevilla y Córdoba podrían rozarse o incluso superarse los 36 grados.', 'En contraste, el extremo norte peninsular mantendrá valores más suaves, con máximas en torno a los 20 grados en ciudades como Oviedo, Santander, Vitoria o Pamplona.  El martes volverá a ser estable, con escasas precipitaciones y un ascenso generalizado de las temperaturas, especialmente en la mitad norte. Se prevé que Valladolid y Zamora alcancen los 32 grados, al igual que Zaragoza o Teruel. En el centro y sur, el calor será aún más intenso: Madrid podría llegar a los 33 grados, Ciudad Real a 35, y en Córdoba o Sevilla los termómetros podrían marcar 37 grados.', '../../assets/img_noticias/verano2.jpeg', 'Miércoles y jueves: hasta diez grados por encima de la media', 'A partir del miércoles, una masa de aire cálido del norte de África provocará un \"aumento adicional\" de la temperatura y tanto esta jornada como el jueves serán \"muy cálidas para la época, casi de pleno verano\", con valores entre 5 y 10 grados por encima de la media y con noches que comenzarán a ser tropicales. Ese día se superarán los 32 grados en la Meseta Norte; entre 34 y 36 grados en el nordeste, la zona centro y buena parte del sur peninsular. En el valle del Guadiana se prevén máximas por encima de los 36 o incluso 38 grados, con Badajoz alcanzando los 37 y el valle del Guadalquivir llegando a los 38.', 'En Sevilla, los termómetros podrían marcar hasta 40 grados, un valor muy poco habitual en la capital andaluza para el mes de mayo ha precisado Del Campo, ha precisado quien ha explicado que desde que hay registros en el aeropuerto de Sevilla (1951), solo se han alcanzado los 40 grados en dos ocasiones en este mes: mayo de 2015 y mayo de 2022.  El jueves se consolidará el repunte térmico, especialmente en el norte peninsular, y las noches tropicales se generalizarán en comunidades como Andalucía y Extremadura. En muchos puntos del país, las temperaturas mínimas y máximas estarán entre 5 y 10 grados por encima de lo habitual, e incluso más en algunas zonas concretas.', 23, 2),
(24, 'El poder ucraniano para conquistar estómagos, corazones y mentes', '2025-05-28', 'Quemaron nuestros campos para cortar el suministro de alimentos. Varios grandes cocineros ucranianos hablan a \'Euronews Culture\' del papel de la comida en la guerra cultural.', '../../assets/img_noticias/ucrania.webp', 'Introduzca el segundo titulo de la noticia', 'Mientras me siento ante el amplio escaparate a ver entrar a otros clientes y soy saludado en ucraniano por el propietario, Vinchentso Dulepa, y la que es desde hace poco su mujer, Iryna, me sirven un apetecible cuenco de color burdeos, del plato nacional. Es un plato que simboliza la apropiación cultural de tierras que desde hace tres años ha tomado una forma demasiado sólida tras la invasión a gran escala comenzada por Rusia en 2022.', 'En Ucrania hay muchas versiones diferentes del borsch, pero en esencia es un caldo combinado con remolacha, remolacha azucarera o zumo de remolacha fermentada. Esta versión lleva trozos de carne de cerdo cocidos a fuego lento, en su interior. El color es fantástico y la crema agria aporta otro nivel de sabor y textura. Es sabroso, sano y una pieza central, realmente luminosa, para mantener un debate sobre la identidad ucraniana.', '../../assets/img_noticias/ucrania 2.webp', 'El borsh y la UNESCO', 'Desde la anexión rusa de Crimea en 2014 y, de forma aún más crítica, tras el estallido de la guerra en febrero de 2022, Ucrania ha utilizado su patrimonio culinario como afirmación de su independencia cultural. El borsch se convirtió en el centro de atención en julio de 2022 cuando, tras intensas presiones, la UNESCO reconoció que el plato necesitaba una \"salvaguardia urgente\" como pieza inmaterial del patrimonio cultural.', '\"Debido a la guerra en curso y a su impacto negativo en esta tradición culinaria, Ucrania pidió a los Estados miembros del Comité que aceleraran el examen del expediente de candidatura del borsch para inscribirlo en la Lista de Salvaguardia Urgente como caso de extrema urgencia, de conformidad con las normas y procedimientos de la Convención\", declaró la UNESCO tras su aprobación el 1 de julio de 2022.', 24, 3),
(25, 'Japón revalida el título de campeón del mundo de pastelería y Francia, favorita en casa, vuelve a quedarse corta', '2025-05-28', 'Si su país fuera un postre gourmet, ¿a qué sabría y qué aspecto tendría? Esa fue la pregunta que se planteó este fin de semana a los 18 equipos nacionales que competían en la Copa del Mundo de Pastelería 2025, celebrada en Lyon con el tema del patrimonio nacional. Las creaciones ganadoras de Japón se basaron en varios elementos tradicionales, como la naranja Kyomi, los barquillos a base de arroz y el tema recurrente de la libélula.', '../../assets/img_noticias/japon.jpeg', 'A la altura del desafío', 'Cada equipo de tres personas -un chocolatero, un experto en azúcar y un maestro del hielo- tiene que elaborar cinco creaciones diferentes, entre ellas un postre helado, un postre de restaurante, una escultura de hielo y un elaborado bufé de piezas centrales de azúcar y chocolate.', 'Es una tarea agotadora y tiene lugar al margen de la gran exposición de SIRHA Food Service. Los aficionados llenan el estadio hasta los topes, ondeando banderas, coreando y soplando bocinas de aire en apoyo de sus equipos, mientras un par de cómicos hacen comentarios en directo. El ambiente general es el de un público de fútbol mezclado con un reality show.', '../../assets/img_noticias/japon_2.jpeg', 'El chocolate, un ingrediente aparte', 'Y probablemente no sea casualidad. La introducción este año del concurso Show Chocolat, en el que los equipos se visten con trajes nacionales para repartir creaciones culinarias desde un camión de comida, parece un claro guiño a la creciente influencia de los concursos de cocina televisados. El chocolatero Jean-Philippe Darcis, entrenador del equipo belga de este año, afirma que ahora los equipos tienen que competir con las productoras y las redes sociales por los concursantes.', 'Pero aunque la exposición a la televisión y las redes sociales puede dar a la carrera de un joven chef un subidón de azúcar instantáneo, el excampeón de la Copa del Mundo y frecuente juez de realities Christophe Michalak dice que no se pueden comparar con los beneficios a largo plazo de participar en la Copa del Mundo de Pastelería bianual. Este concurso, dice, en realidad te hace mejor chef. \"Cuando hice el Mundial, hice diez simulacros de examen, es decir, trabajé diez días de 10 horas, como si fuera el día D, para ganar el título. Al hacerlo, mejoré, superé mis límites, y eso es lo bueno de la vida. La prioridad es intentar ir un poco más allá, intentar evolucionar. Y eso es lo que este concurso permite hacer a los jóvenes pasteleros\".', 25, 3),
(26, 'Estos son los tipos de torrijas que hay en el mundo', '2025-05-28', 'Las torrijas son ampliamente conocidas en España, pero ¿sabías que también existen en America, chile, Colombia, ecuador, mexico o peru?', '../../assets/img_noticias/torrijas.jpeg', 'Torrijas en America', 'Torrijas en AmericaEn los países centroamericanos se las conoce como \"torreja\". La preparación básica consiste en pan rebozado en huevo y frito en mantequilla, que luego es bañado en panela (azúcar no refinada). Lo interesante de estas preparaciones es cómo se integran en diferentes celebraciones según la región: en algunos lugares son tradicionales durante la Semana Santa, mientras que en otros son típicas de la Navidad.', 'El Salvador: una característica distintiva es que las torrejas salvadoreñas se acompañan con \"chilate\", una bebida tradicional elaborada con maíz, jengibre, pimienta gorda y canela, creando una combinación de sabores que equilibra el dulzor de la torreja. Costa Rica: las torrejas costarricenses presentan una variante interesante, pues además de la preparación básica, existe la opción de mojarlas previamente en leche antes del rebozado. Tras la fritura, pueden consumirse con diversos acompañamientos como miel, canela o simplemente espolvoreadas con azúcar.', '../../assets/img_noticias/torrija2.jpeg', 'Chile, Colombia, Ecuador, partes de México y Perú', 'En estos países, el postre ha adquirido el nombre de \'tostada francesa\', posiblemente por influencia norteamericana. Sin embargo, su preparación mantiene características propias que la diferencian del french toast estadounidense. Una particularidad interesante es que se preparan con un pan dulce especial al que se le quita la corteza. La técnica incluye hacer un hueco en el pan y mezclar ese migajón extraído con crema de leche, creando una preparación más elaborada. Luego se reboza con huevo, se fríe y finalmente se rehoga en una miel preparada con panela o piloncillo hervido con especias como canela y clavo de olor.', 'En Chile tienen un nombre especialmente evocador: \'caballeros pobres\', que recuerda al \"\'rme ritter\' alemán y hace referencia a sus orígenes humildes como forma de aprovechar el pan duro.  En el sur de México, particularmente en el istmo de Tehuantepec, reciben el nombre de \'estorrejas\' y son típicas de la temporada navideña. La receta local utiliza un pan tradicional de la región llamado \'bollo\', que se combina con huevo, canela, agua y piloncillo. Un detalle distintivo es que suelen endulzarse con miel de maguey, una planta endémica que aporta un sabor característico.', 26, 3),
(27, 'Día Mundial de la Pizza: de Italia a la conquista del mundo', '2025-05-28', 'Desde el mundo romano hasta Estados Unidos, la pizza es Patrimonio Inmaterial de la Unesco desde 2017. Sigue siendo uno de los platos más consumidos del mundo, en medio de pedidos crecientes y un público cada vez más exigente.', '../../assets/img_noticias/pizza.jpeg', '¿Dónde se consume más pizza en el mundo? ¿Y en Europa?', 'En Italia, según datos de Coldiretti-Ixé, cuatro de cada diez familias prepararán pizza en casa en 2025. La facturación mundial en 2024 alcanzará un valor récord de 160.000 millones de euros, de los cuales 15.000 millones sólo en Italia. La pizza genera cien mil empleos en Belpaese, cifra que se eleva a doscientos mil los fines de semana. Cada año, Italia produce 2.700 millones de pizzas (unas 46 pizzas per cápita al año, cifra que incluye a lactantes y ancianos).', 'Sin embargo, los mayores consumidores de pizza per cápita del mundo no son los italianos, sino los estadounidenses: un americano consume una media de 13 kilos de pizza al año. En Europa, en cambio, Italia ocupa el primer lugar (7,8 kilos al año), seguida de España (4,3 kg), Francia y Alemania (4,2 kg) y el Reino Unido (4 kg).', '../../assets/img_noticias/italia.jpeg', 'Las pizzas más y menos populares del mundo', 'Según datos del portal web de alimentación Tastatlas, la pizza más popular del mundo es la Margherita, seguida de la Montanara y la calzoni. En sexto lugar se sitúa la pizza americana con queso, verduras y salsa de tomate. A continuación viene la pizza de pepperoni (término que en EE.UU. indica un tipo de salami) y la pizza \"estilo Nueva York\", antes de volver a la pizza frita.', 'En último lugar, sorprendentemente, se encuentra una pizza italiana, la \"pizza mimosa\", con maíz y jamón cocido. Le siguen la pizza cubana, la pizza frita escocesa, la pizza estilo Quad City (una especie de pizza a la parrilla estadounidense) y la pizza-ghetti canadiense, con espaguetis como ingrediente extra.', 27, 3),
(28, 'Lisboa, elegida por primera vez mejor destino culinario de Europa', '2025-05-28', 'Lisboa ha sido galardonada con el premio al Mejor Destino Culinario de Europa en los World Culinary Awards. La capital es reconocida desde hace tiempo por su oferta gastronómica.', '../../assets/img_noticias/Lisboa_gastronomía.jpg', 'Primer premio en Lisboa al mejor destino culinario en europa', 'La ciudad de Lisboa ha ganado por primera vez el premio al Mejor Destino Culinario de Europa en los World Culinary Awards. El galardón se entregó en una ceremonia celebrada en Dubai, y entre las ciudades competidoras se encontraban Barcelona, Copenhague, Florencia, Londres, París y Viena.', 'La gastronomía es uno de los puntos clave a la hora de elegir un destino turístico y Lisboa es reconocida desde hace tiempo por su oferta diversa y de gran calidad. Desde restaurantes típicos y locales con comida tradicional, hasta restaurantes de autor y chefs con estrellas Michelin que reinterpretan sabores clásicos, existe una amplia oferta que atrae a visitantes de todo el mundo.', '../../assets/img_noticias/lisboa1.webp', 'El alcalde de Lisboa habla al respecto', 'El Alcalde de Lisboa, Carlos Moedas, ha declarado que \"es un gran orgullo ver cómo se honran por primera vez la identidad y las tradiciones de Lisboa en este sector y cómo la innovación se combina con estas tradiciones gastronómicas. Es un reconocimiento a la calidad de la gastronomía por la que Lisboa es tan conocida y un premio que anima a todos los profesionales que la mantienen viva\". La economía local es cada vez más un factor distintivo de la ciudad de Lisboa y la gastronomía contribuye en gran medida a la calidad del turismo lisboeta\".', 'Los World Culinary Awards, certamen \"hermano\" de los World Travel Awards, celebran este año su quinta edición y tienen como objetivo promover la cultura culinaria mundial y fomentar el turismo gastronómico.', 28, 3),
(29, '¿Alguien quiere una sangría valorada en 120.000 euros?', '2025-05-28', 'Un vídeo publicado en internet ha sido objeto de numerosas críticas e indignación. En él, se ve a los clientes de un bar de la Costa Azul preparando una sangría con uno de los vinos más caros del mundo.', '../../assets/img_noticias/sangria.jpeg', '¿Con esta economía?', 'Petrus es un burdeos tinto y está considerado como uno de los mejores vinos del mundo. Se sirvió en la boda de la princesa Isabel y Philip Mountbatten en 1947, cuando la futura reina invitó a su enlace a Marie-Louise Loubat, propietaria de la bodega en aquella época.', 'Los asistentes aplaudieron mientras mezclaban Petrus con fruta y cubitos de hielo. Al parecer, las dos añadas en cuestión eran la de 2006, con un precio de 3.800 euros, y la de 2011, que cuesta unos 3.200 euros.', '../../assets/img_noticias/sangria_2.jpeg', 'Indignación entre usuarios... y profesionales', 'Desde que el diario francés \'Le Figaro\' se hizo eco de la noticia, el vídeo ha provocado indignación. \"Estupidez en estado puro\", \"Se puede ser rico pero no tener clase\", \"Dudo entre la estupidez y la vulgaridad\", son algunos de los comentarios en internet. Y, como puede imaginarse, los entendidos en vino están alborotados. Philippe Faure-Brac, un reputado sumiller, declaró a \'The Times\' que era \"como utilizar un Picasso o un Van Gogh para hacer fuego\". Y añadió que \"es un vino con vocación gastronómica por excelencia. ¿Por qué no degustarlo de una forma muy festiva? Pero ponerlo en una sangría no es su vocación\".', 'Xavier Dinet, comerciante de vinos de Antibes, declaró al canal de noticias francés \'France 3\' que se trataba de una \"profunda falta de respeto, sobre todo hacia las personas que elaboraron el vino\". \"Hay viticultores que han trabajado duro todo el año para poder sacar esta botella, y mezclarla con naranjas y todo lo demás para hacer una sangría, es una verdadera vergüenza\".  Una vergüenza para los \'grands crus\', pero difícilmente ilegal. Este es otro caso de lo que ocurre cuando los ricos quieren crear expectación en internet y acaban confirmando el viejo dicho de que un tonto y su dinero se separan fácilmente.', 29, 3),
(30, '¿Es el \'Fish & Chips\' demasiado caro para los británicos?', '2025-05-28', 'El humilde \'Fish & Chips\' ha subido de precio más que cualquier otro plato de comida para llevar en el Reino Unido en los últimos cinco años.', '../../assets/img_noticias/fish.jpeg', '¿Por qué se ha vuelto tan caro este complemento clásico?', 'El plato más popular del Reino Unido es más caro que nunca gracias a la inflación del coste de la vida. El humilde \'Fish & Chips\' para llevar ha sido un plato básico en los hogares británicos desde su introducción en el siglo XIX. Pero con el aumento de los precios del pescado, la patata y el aceite en los últimos años, ya no es una comida barata fiable.', 'Nuevos datos de la Oficina Nacional de Estadística británica (ONS) muestran que el pescado y las patatas fritas han experimentado la subida de precios más pronunciada entre los platos para llevar más populares del Reino Unido. En los últimos cinco años, el precio medio de una ración de este plato ha aumentado más de un 50%.', '../../assets/img_noticias/fish_2.jpeg', '¿Se ha visto afectada la popularidad del plato?', 'Según una encuesta reciente de YouGov, el \'Fish & Chips\' es el segundo plato más popular en el Reino Unido, sólo por detrás de las patatas fritas solas. Este plato, introducido en el Reino Unido por judíos españoles y portugueses emigrados de los Países Bajos, se hizo cada vez más popular en el siglo XX y fue uno de los pocos alimentos no sujetos a racionamiento durante la Segunda Guerra Mundial.', 'Pero el icono del Reino Unido ha sufrido fuertes subidas de costes antes de llegar a los platos británicos. El pescado ha subido de precio, en parte debido a un arancel del 35% a la importación de marisco ruso a partir de 2022. Los precios de la patata también han subido debido al escaso rendimiento de las cosechas en toda Europa y a los agricultores británicos, cada vez mejor pagados.', 30, 3),
(31, '¿Pagaría para que le insultaran en un restaurante mientras cena?', '2025-05-28', 'El camarero entrega una hamburguesa vegetariana a una clienta y empieza el ritual: incita a los comensales a que le sigan y procede a gritarle a la mujer: \"¡que te jodan, vegetariana!\". A pesar de ello, el tono es ligero: la mujer y los demás clientes se ríen.', '../../assets/img_noticias/restaurante.webp', 'Un lugar \'desagradable\'z', '\"Me gusta decir que estamos más en el negocio de lo inhóspito que en el de la hotelería\", se ríe Paul Levin, responsable de Karen\'s Diner para el Reino Unido y Europa. \"Somos la única cadena de restaurantes del mundo a la que la gente no viene por la comida, sino porque le hace gracia\".', 'Con más de 1,4 millones de seguidores en TikTok, las redes sociales son clave para el marketing de la cadena. Los vídeos más virales de la plataforma muestran a abuelos y amigos desprevenidos, enfrentados a un torrente de insultos en su visita al restaurante.', '../../assets/img_noticias/restaurante_2.webp', '¿De qué se trata \'Karen\'?', 'Karen\'s Diner se basa en \'Karen\', la caricatura de una mujer blanca privilegiada de mediana edad que se hizo viral en las redes sociales en 2018. \'Karen\' se refiere a los baby boomers estadounidenses, nacidos en la década de 1960, una época en la que este nombre era muy popular en los Estados Unidos.', '\"\'Karen\' surgió en el ‘Twitter negro’ y se refiere a las mujeres blancas privilegiadas que son percibidas como racistas y con derechos. También es una caricatura de una mujer que se queja cuando no recibe el servicio que espera\", explica la profesora Diane Negra, experta en Cine y Cultura del University College de Dublín.', 31, 3),
(32, 'El ayuno intermitente puede potenciar la capacidad regenerativa de las células madre intestinales, según demuestra un nuevo estudio realizado en raton', '2025-05-28', 'Estudios realizados sobre el ayuno intermitente', '../../assets/img_noticias/ayuno.jpeg', 'Estudios realizados sobre el ayuno intermitente', 'El ayuno intermitente se ha convertido en una de las dietas más populares, con estudios que lo relacionan con varios beneficios para la salud. Sin embargo, los investigadores siguen estudiando sus efectos sobre el metabolismo.', 'Los investigadores identificaron una vía específica responsable de la mejora de la regeneración que se activa cuando los ratones vuelven a comer tras un periodo de ayuno, según sus conclusiones publicadas en la revista \'Nature\'. \"Creemos que el ayuno y la realimentación representan dos estados distintos\", afirma en un comunicado Shinya Imada, investigador postdoctoral del MIT y uno de los autores principales del estudio.', '../../assets/img_noticias/ayuno 2.jpeg', 'Riesgo de cáncer', 'Sin embargo, hay una advertencia: si se producen mutaciones cancerosas durante esta fase regenerativa, los ratones corren un mayor riesgo de desarrollar tumores intestinales en estadios tempranos.', '\"Tener más actividad de células madre es bueno para la regeneración, pero demasiado de algo bueno a lo largo del tiempo puede tener consecuencias menos favorables\", afirma Omer Yilmaz, profesor asociado de Biología del MIT y autor principal del nuevo estudio.', 32, 3),
(33, 'De la ginebra de salmón al whisky sabor chorizo: ¿Es éste el barman más disruptivo de España?', '2025-05-28', 'De lo dulce a lo ácido, pasando por todos los gustos entre medias, es muy probable que Antonio Naranjo lo haya mezclado y servido en una copa. Como maestro coctelero, busca combinar sabores extraños y maravillosos para crear cócteles increíbles', '../../assets/img_noticias/whisqui.jpeg', 'Creatividad sin límites', 'Este pequeño bar situado en la esquina de dos calles peatonales es tan difícil de encontrar que se ha convertido en un chiste interno que la gente sólo llega al Dr. Stravinsky por accidente. Naranjo redobló el misterio decorando las paredes con botellas sin etiquetar, lo que le confiere el encanto de una botica de la vieja escuela.', 'El Dr. Stravinsky se convirtió en un patio de recreo donde Naranjo podía dar rienda suelta a la creatividad. Dice que quería que su bar fuera completamente diferente a cualquier coctelería que el público hubiera visto antes. Stravinsky no serviría cerveza ni cerveza ni vino, no utilizaría ingredientes industriales y todo se haría a mano.', '../../assets/img_noticias/proceso.jpeg', 'Capas de sabor', 'Elaborar todos los ingredientes de sus cócteles desde cero permite a Naranjo controlar todos los aspectos del producto final, desde cuánto azúcar se añade hasta cuántas especias intervienen. Dice que quería explorar más a fondo cómo estas capas de sabor pueden cambiar los cócteles con su nuevo bar Especiarium, que abrió tras el confinamiento por la Covid-19 en Barcelona.', 'El menú que ha creado en Especiarium da protagonismo a los cócteles salados. Algunas de las bebidas emblemáticas son su \"Curryquiri\", que mezcla ron con curry, lima y sirope simple, o su \"Risotto Martini\", elaborado con vodka aromatizado con queso azul. Su cóctel \"Saltbae\" es un giro único del Bloody Mary, con una presentación teatral que incluye un brazo mecánico en la pose que hizo famosa la influencer turca Nusret Gökçe.', 33, 3),
(34, 'De la smash de pollo a las versiones más gourmets: las mejores opciones para celebrar el Día de la Hamburguesa', '2025-05-28', '¡Cómo nos gusta conocer el mundo a través de la gastronomía! Aunque hemos de confesar que, hay recetas tan populares que han traspasado las fronteras de su país de origen para convertirse en platillos del mundo, y un claro ejemplo son las hamburguesas. Aunque este filete de carne picada que tradicionalmente se acompaña con queso y salsas y se sirve entre dos panes tiene su origen en Estados Unidos, lo cierto es que la hamburguesa se ha convertido en un plato del mundo donde también existen las tendencias y donde cabe todo lo que surja de nuestra imaginación. ', '../../assets/img_noticias/burger.jpeg', 'La smash de pollo de Roost Chicken', 'Las smash burgers están de moda... ¿pero qué pasa con los amantes del pollo? En Roost Chicken, la cadena de pollo frito que ya tiene seis locales en Madrid nos propone celebrar el Día de la Hamburguesa con diferentes opciones para aquellos que no son muy fans de la hamburguesa de vacuno. ', 'Una de las opciones más interesantes es la que se convirtió en la primera smash de pollo de Madrid: una irresistible combinación de pan brioche, doble smash de pollo sazonado con especias y cebolla, queso americano, bacon crujiente, cebolla frita casera y la exclusiva salsa Roost Chicken.', '../../assets/img_noticias/burger_2.jpeg', 'La carne de ganadería propia de BDP', 'La cadena de hamburguesas BDP cuenta con una ganadería propia llamada Venero Claro, y ha querido ir un poco más allá de lo ya establecido. BDP controla todo el proceso de las carnes, por eso el único ingrediente que lleva es sal, conservando el sabor único de estas que conquista a cada comensal que lo degusta. ', 'Para celebrar el Día Internacional de la Hamburguesa el 28 de mayo, desde BDP han creado un blend propio de carne, que solo existe en los BDP de Madrid, dando importancia a esos procesos artesanales, con el objetivo de desmarcarse de los excesos.', 34, 3),
(35, 'EA pierde esta franquicia de carreras tras estrepitoso fracaso: Codemasters no pudo con el primer videojuego y un nuevo estudio se hará cargo', '2025-05-28', 'Lo que pintaba para ser una de las alianzas más interesantes en el gaming se está cayendo a pedazos. La relación entre EA y Codemasters no alcanzó su potencial y las consecuencias son terribles. Hoy se informó que la compañía perdió una franquicia de carreras que hace unos años se anunció con bombo y platillo. Lamentablemente, el estudio británico no pudo con el paquete. Tras el estrepitoso fracaso del primer juego, los responsables de la licencia deportiva negociaron con otra compañía y el serial regresará a la casa que tuvo hace unos años.', '../../assets/img_noticias/car1.jpeg', 'EA y Codemasters no harán más juegos de WRC, el serial más importante de rally en el mundo', 'Una consecuencia de esto fue la suspensión del desarrollo de juegos de WRC, la franquicia del serial World Rally Championship. La noticia cayó como balde agua fría toda vez que en 2020 anunciaron la adquisición de los derechos de la competencia para crear EA Sports WRC que debutó en 2023.', 'Lamentablemente, el primer juego fue un fracaso y se quedará como tal. Hoy, la compañía Nacon anunció un acuerdo con los representantes de la competencia WRC para desarrollar los juegos oficiales de 2027 a 2032, tanto en consolas como PC.', '../../assets/img_noticias/car2.jpeg', 'Nacon celebra y al mismo tiempo se piensa lo peor para el estudio británico', 'De acuerdo con la información oficial, Nacon tiene como objetivo hacer un reboot de WRC y desarrollar videojuegos que cumplan con las expectativas de los fans hardcore del serial y los nuevos jugadores. Al respecto, Alain Falc, director general de la compañía señaló (vía VGC): “estamos encantados de renovar nuestra colaboración con WRC Promoter. Esta icónica licencia ofrece un campo de juego excepcional para construir una experiencia de conducción altamente refinada que esté a la altura de las expectativas de los fanáticos del rally. Entre 2015 y 2023, tuvimos la oportunidad de trabajar en estrecha colaboración con los equipos oficiales del campeonato y muchos pilotos, lo que nos permitió adquirir una experiencia sólida y única en la adaptación del rally a una experiencia de videojuego”.', 'Lamentablemente, esto es una mala noticia para Codemasters. En las últimas semanas se reveló que los despidos impactaron con fuerza al estudio británico.  Asimismo, se anunció que no harán más juegos de rally, lo que significa el final de la IP DiRT, de notable reconocimiento en años recientes.  Hasta el momento, Codemasters se mantiene en control de EA Sports F1, la franquicia oficial de la Fórmula 1. Sin embargo, dados los resultados mediocres que han tenido los juegos recientes hay incertidumbre sobre lo que sucederá con la entrega de este año, F1 25, y el futuro del estudio.', 35, 4),
(36, 'Half-Life 3 podría ser el último aliento de la franquicia de culto de Valve: el proyecto llevaría años en desarrollo y complacería el deseo de los jug', '2025-05-28', 'Mucho ha sucedido en los videojuegos desde 2007. Sin embargo, y pese a los cambios en las tendencias, los jugadores de PC solo quieren una cosa: una nueva entrega de Half-Life. El número 3 ha sido esquivo para Valve y Gabe Newell; incluso han sido irónicos al respecto. Pese a ello, el tercer juego sería una realidad.', '../../assets/img_noticias/half.jpg', 'Half-Life 3 sería la última entrega de la franquicia de Valve', 'En los últimos meses tomaron fuerza rumores sobre el avance notable en el desarrollo de Half-Life 3. Desde 2020 hay reportes que dan cuenta de su existencia, pero la información reciente enciende la expectativa pues no estaría lejos de su lanzamiento. Hasta el momento, Valve ha sido discreto y no revela nada al respecto. El único estreno desde Half-Life 2: Episode Two fue Half-Life: Alyx de 2020, probablemente el mejor juego VR de la historia.', 'Partiendo de ese base, y al considerar que Half-Life 3 sería real, hay quien piensa en el futuro de la franquicia. Sin embargo, no habría tal. De acuerdo con información de la fuente confiable DanielRPK (vía ComicBook) Valve sí desarrolla el nuevo juego, pero la idea de la compañía es que sea el último juego de la franquicia.', '../../assets/img_noticias/half2.webp', '¿Por qué es tan importante la conclusión de esta saga de PC?', 'Haciendo a un lado Half-Life: Alyx de VR, la comunidad de fans espera la conclusión de la historia de la saga desde hace casi 20 años.  Fue en 2007 cuando debutó Half-Life 2: Episode Two y en los años posteriores hubo expectativa por un nuevo juego. Algunos pensaron que se trataba de Episode Three, mientras que otros fueron directo a Half-Life 3.', 'Información de desarrolladores que fueron parte de Valve en esos años reveló que nunca se llegó a algo concreto, ya fuera el episodio 3 o una tercera entrega.  Fue en ese periodo cuando Steam se volvió enorme y la compañía cambió sus prioridades. Había nuevos videojuegos qué atender como Left 4 Dead y pronto la conclusión de la historia que inició Gordon Freeman se volvió un mito.', 36, 4),
(37, 'Max Verstappen en el punto de mira nintendera', '2025-05-28', 'La popularidad de los videojuegos los ha vuelto referencia en distintos contextos. Un ejemplo es el caso en el tráfico, algún accidente o similar que de inmediato relacionamos con Mario Kart. La franquicia de Nintendo ya es meme de la locura en el pavimento, incluso en la Fórmula 1 gracias a Max Verstappen.', '../../assets/img_noticias/mario.webp', 'IntroduzcaMax Verstappen arremete contra la FIA por el Gran Premio de Mónaco y usa Mario Kart como ejemplo el segundo titulo de la noticia', 'Este fin de semana se celebró el Gran Premio de Mónaco de la temporada 2025 de la Fórmula 1 y los videojuegos salieron a relucir. En concreto, Mario Kart por una referencia que usó uno de los pilotos para criticar la carrera. Max Verstappen, multicampeón y estrella de Red Bull Racing, arremetió contra la FIA por las nuevas reglas que se aplicaron a esta carrera a partir de este año. El piloto de Red Bull estuvo en desacuerdo con las reglas del Gran Premio de Mónaco que solo aplican a esta carrera. De acuerdo con la FIA, a partir de esta temporada es obligatorio hacer 2 paradas en pits y usar 3 tipos de neumáticos durante toda la carrera para no sufrir penalización.', 'El piloto de Países Bajos, quien terminó en cuarto lugar, declaró de forma irónica: “casi estamos jugando Mario Kart. Luego tenemos que instalarle piezas al coche, ¿quizás puedas lanzar plátanos? ¡Qué superficie tan resbaladiza!”.', '../../assets/img_noticias/mario.jpeg', 'La franquicia de karts de Nintendo se prepara para un nuevo lanzamiento', 'La actualidad de la IP de Nintendo es emocionante pues en unos días, en específico el 5 de junio, debutará Mario Kart World junto con el Switch 2. Esta entrega apostará por una experiencia de mundo abierto con escenarios enormes y varios modos de juego. Nintendo reveló recientemente que el proyecto inició en 2017, pero las limitantes de Switch hacían imposible su lanzamiento en esta consola.', 'Mario Kart World tendrá 50 personajes únicos y más de 200 variantes. Asimismo, será el primer juego de la franquicia en tener hasta 24 personajes por carrera. Nintendo diseñó las pistas con el suficiente tamaño, atajos e interacciones para que no sea un caos en pantalla.', 37, 4),
(38, 'Dragon Ball Super cumplirá 10 años, pero no promete nada bueno', '2025-05-28', 'Dragon Ball Super se estrenó en 2015 y presentó una nueva serie de aventuras en las que Goku y sus amigos se enfrentaron a toda clase de oponentes poderosos; sin embargo, y a pesar de que nos acercamos al 10.° aniversario, el anime y manga todavía permanecen en un letargo.', '../../assets/img_noticias/db.jpeg', 'Dragon Ball Super celebra su 10.° aniversario con noticias decepcionantes para los fans', 'A pesar de que la franquicia regresó en octubre de 2024 con Dragon Ball Daima, ese anime presenta una historia original de Akira Toriyama que se ambienta antes de los acontecimientos de Super. Así pues, las películas de Broly y Cell Max son los últimos proyectos que avanzan la narrativa en el terreno de la animación.', 'Por su parte, el manga de Toyotaro entró en una pausa indefinida en marzo de 2024, poco después del fallecimiento del creador de la serie. Aunque en febrero de 2025 se estrenó un episodio especial protagonizado por Trunks y Goten, el cómic otra vez está en hiatus a pesar de vender millones de copias en todo el mundo.', '../../assets/img_noticias/DB2.jpeg', 'Por su parte, el manga de Toyotaro entró en una pausa indefinida en marzo de 2024, poco después del fallecimiento del creador de la serie. Aunque en febrero de 2025 se estrenó un episodio especial protagonizado por Trunks y Goten, el cómic otra vez está en hiatus a pesar de vender millones de copias en todo el mundo.', 'Con la publicación del Volumen 24 del cómic japonés en abril de 2025, Toyotaro escribió un mensaje especial en el que confirma que el episodio 104 representa el final del arco de Super Hero, la adaptación de la película de 2022. También agradeció el apoyo de los fans, e invitó a permanecer atentos a sus próximos trabajos.', 'Con la publicación del Volumen 24 del cómic japonés en abril de 2025, Toyotaro escribió un mensaje especial en el que confirma que el episodio 104 representa el final del arco de Super Hero, la adaptación de la película de 2022. También agradeció el apoyo de los fans, e invitó a permanecer atentos a sus próximos trabajos.', 38, 4),
(39, 'EA SPORTS FC 25 tiene un precio de regalo en la eShop de Nintendo Switch', '2025-05-28', 'Nintendo Switch sigue con una gran popularidad y se mantiene ofreciendo descuentos muy importantes que llaman la atención a todos los usuarios de la eShop . Si buscas un nuevo juego para probar, déjanos decirte que EA SPORTS FC 25 está a un precio muy especial que debes aprovechar.', '../../assets/img_noticias/fc.webp', '¿Qué es EA SPORTS FC 25?', 'EA SPORTS FC 25 te invita a formar equipo en Rush 5 vs. 5, una nueva forma de jugar en Football Ultimate Team, Clubes y Patada Inicial con un juego reducido. En Rush de Football Ultimate Team, podrás crear la plantilla de tus sueños con hasta 3 amigoss, cada quien con su item de futbolista favorito.', 'Con las nuevas incorporaciones a los modos Carrera de futbolista y Carrera de DT, podrás vivir las historias más importantes del mundo real con puntos de inicio en vivo. Reescribe las historias de ÍCONOS del pasado con los equipos actuales en Carrera de futbolista y, por primera vez, vive una experiencia auténtica en Carrera femenil, donde controlarás un club o una futbolista de las 5 principales ligas femeniles.', '../../assets/img_noticias/fc2.png', 'EA SPORTS FC 25 buen precio en la eShop', 'En este instante, EA SPORTS FC 25 tiene un descuento de 70% en la plataforma de Nintendo. Así pues, podrás adquirir este gran juego a un precio muy irresistible que no te puedes perder.', 'En específico, el juego cuesta 90€. En caso de comprarlo, te ahorrarás 30 euros si aprovechas esta rebaja especial de la eShop. Sin embargo, será mejor que te apures, ya que la oferta terminará el próximo 10 de junio.', 39, 4),
(40, 'Este indie protagonizado por donas quiere ser el primer juego de carreras de mundo abierto hecho en LATAM, pero necesita tu apoyo; conoce a Donut Ride', '2025-05-28', 'La industria de los videojuegos en México sigue creciendo con propuestas que buscan una oportunidad para destacar en el mercado internacional. Una de las más recientes es Donut Riders, juego de Outrise Studios, que está en búsqueda de apoyo de la comunidad para poder hacerse realidad.', '../../assets/img_noticias/donas.jpeg', '¿Qué es Donut Riders?', 'Donut Riders es el primer videojuego original de Outrise Studios, pero, ¿qué rayos es? Un caos delicioso de carreras, combates y minijuegos multijugador donde las donas no se comen: compiten, pelean y se rifan en pistas comestibles sacadas de un sueño psicodélico.', 'En Donut Riders conocemos a Dug’O, un chef aferrado a lo artesanal, se niega a modernizar su panaderí  hasta que el mundo lo obliga. En su intento por adaptarse, crea a Dosty, una dona-dron con corazón (y mucha actitud).', '../../assets/img_noticias/donas2.jpeg', '¿A qué plataformas llegará Donut Riders?', 'El plan inicial es que Donut Riders esté disponible por medio de Steam, plataforma en la que ya puedas añadirlo a tu wishlist. Dicho esto, el plan es que más adelante sea lanzado en Nintendo Switch y Xbox.', 'Cabe mencionar que, por el momento, no se han mencionado planes para llevar Donut Riders a consolas PlayStation. Nos mantendremos al pendiente y te informaremos si eso cambia.', 40, 4),
(41, 'DOOM: The Dark Ages tuvo el mejor lanzamiento en la historia de id Software y millones ya lo jugaron, a pesar de las preocupaciones de los fans', '2025-05-28', 'DOOM: The Dark Ages ya está entre nosotros y, en general, cumplió con las altas expectativas de los fanáticos. De antemano se esperaba que fuera un gran éxito en PC y consolas, pero los datos de Steam preocuparon a un sector de la comunidad. Por suerte, parece que no hay algo de qué preocuparse.', '../../assets/img_noticias/doom.jpeg', 'DOOM: The Dark supera los 3 millones de jugadores y tiene el mejor debut de id Software', 'A través de una breve publicación en redes sociales, Bethesda arrojó un poco de luz sobre el desempeño comercial de DOOM: The Dark Ages. Los datos deberían tranquilizar a los fanáticos que temían que el más reciente proyecto de la compañía fuese un fracaso.', 'El videojuego de id Software fue un estreno de día 1 en Xbox Game Pass Ultimate y PC Game Pass, lo que ciertamente impulsó su popularidad. Por el contrario, DOOM Eternal se incorporó al servicio de Microsoft aproximadamente 6 meses después de su estreno original.', '../../assets/img_noticias/doom2.webp', 'DOOM: The Dark Ages sobrevivió a su primera polémica', 'Los fanáticos pueden respirar tranquilos, pues parece que la travesía infernal del DOOM Slayer cumplió con las expectativas financieras. Este es un gran alivio, pues en la previa a su debut oficial se suscitó una gran controversia, e incluso algunos jugadores llamaron al boicot.', 'Resulta que la comunidad descubrió que las copias físicas de DOOM: The Dark Ages están vacías, pues los discos de la versión para Xbox Series X sólo instalan 324 MB y los de PS5 únicamente incluyen 85 MB. Esto implica que los usuarios tienen que descargar el resto del contenido vía internet.', 41, 4),
(42, 'La secuela de Cyberpunk 2077 tendrá otra ciudad, además de Night City: “es como Chicago, pero en una versión fallida”, señala Mike Pondsmith', '2025-05-28', 'Cyberpunk 2077 no fue el juego que definió a una generación, pero al final resultó uno muy bueno gracias a las actualizaciones. Con este tropiezo, CD Projekt RED aprendió de sus errores y ahora trabaja en una secuela mucho más ambiciosa.', '../../assets/img_noticias/cyber.jpg', 'Mike Pondsmith revela detalles de una de las ciudades de la secuela de Cyberpunk 2077', 'Durante su participación en el evento Digital Dragons Conference 2025 (vía VGC), Mike Pondsmith, creador de los juegos de mesa y rol que inspiraron Cyberpunk 2077, habló sobre la secuela.', 'Aunque el proyecto está en la primera parte de su desarrollo, ya tiene elementos a destacar. Uno de ellos es la presencia de otras ciudades, además de Night City. Al respecto, Mike Pondsmith reveló que una de ellas lo dejó impresionado pues es una versión futurista de una ciudad de Estados Unidos que salió mal.', '../../assets/img_noticias/cyber2.jpg', '¿Qué depara el futuro para la franquicia de CD Projekt RED?', 'La próxima escala para Cyberpunk 2077 es el lanzamiento de su edición definitiva, que incluye el DLC, para Nintendo Switch 2. Los recientes avances muestran que el juego está muy bien optimizado para la nueva consola híbrida la compañía japonesa.', 'Si bien faltan años para el lanzamiento de la secuela de Cyberpunk 2077, CDPR hizo pública su gestión de recursos humanos y su objetivo es lanzar más juegos en menos tiempo. Actualmente, el equipo de Project Orion, nombre clave de esta entrega, está completo y trabajando completamente en él.', 42, 4),
(43, 'Nintendo Switch 2 aún no debuta, pero ya hay pistas sobre un modelo OLED y futuras revisiones de la consola híbrida', '2025-05-28', 'Nintendo tiene plena confianza en el éxito de Switch 2. Por ello, desde hace meses trabaja para tener el stock suficiente y cumplir con la demanda. Además, pistas sugieren que la compañía también está ocupada en la planeación de futuras revisiones de su nueva consola híbrida. De acuerdo con reportes recientes, Nintendo formó una alianza estratégica con una importante compañía de tecnología para darle forma al futuro de Switch 2.', '../../assets/img_noticias/switch.jpeg', 'Nintendo y Samsung trabajarán juntos en el futuro de Switch 2, según reporte', 'De acuerdo con un reporte de Bloomberg (vía Insider Gaming), Nintendo formó una alianza con Samsung para fabricar el chip principal de Switch 2. Hay que recordar que la compañía está en una situación complicada por el tema de los aranceles. Esto se suma a la alta demanda de su consola y a los riesgos de que sufra escasez en algún momento.', 'Por otro lado, se menciona que Nintendo y Samsung ya hablan sobre la posibilidad de lanzar un Switch 2 con pantalla OLED, algo que los jugadores esperaban desde el inicio. A pesar de que la información viene de una fuente muy confiable, debes saber que las compañías no han confirmado su alianza ni sus planes para el futuro de la nueva consola.', '../../assets/img_noticias/switch2.jpeg', '¿Deberías creer esta información?', 'Es un hecho que Switch 2 necesita reforzar su línea de producción y que tendrá una o varias revisiones en el futuro. En este sentido, una alianza con Samsung es un negocio redondo para ambas empresas. Por un lado, la Nintendo evitará problemas de stock y la empresa surcoreana seguramente confía en que Switch 2 será un producto muy demandado.', 'En cuanto al modelo OLED, seguramente será una de las futuras revisiones del sistema. Switch tuvo un modelo con una mejor pantalla que fue bastante popular. Por ello, no es descabellado pensar que Swicch 2 tenga uno con otros mejoras y ajustes menores. En caso de que esté en planeación, seguramente tardará al menos un par de años en debutar. Por ahora, no nos queda más que esperar para que surjan otros detalles al respecto.', 43, 4),
(44, 'Bethesda consiente a los fans de DOOM y Fallout con fabulosos regalos por tiempo limitado', '2025-05-28', 'De forma muy sencilla y rápida, podrás conseguir gratis contenido para DOOM: The Dark Ages, DOOM Eternal y Fallout 76. Eso sí, toma en cuenta que se trata de una promoción que estará disponible por tiempo limitado. Si bien aún queda tiempo para conseguir los regalos, te recomendamos que lo hagas antes de que se te olvide y sea demasiado tarde.', '../../assets/img_noticias/Regalos-Fallout-y-Doom.webp', 'Bethesda ofrece gratis recompensas para juegos de DOOM y Fallout', 'Para DOOM: The Dark Ages, el estudio ofrece el diseño del DOOM Slayer carnicero, que le da un aspecto aún más amenazante al protagonista. Por su parte, para DOOM Eternal ofrece gratis los conjuntos Lux Slayer, Arch-vile majestuoso y Acechador de pesadilla. Cada uno incluye accesorios como armas, placas de identificación o íconos.', 'Por último, también hay regalos para la comunidad de Fallout 76. En concreto, puedes conseguir el traje y la cabeza de Beelzebill, que te darán un aspecto genial. Además, está disponible gratis la mochila del Sr. Demoniaco. Todo este contenido lo puedes usar para personalizar a tus personajes sin costo adicional. Abajo puedes ver una imagen de las recompensas y la lista de objetos:', '../../assets/img_noticias/Regalos-para-DOOM-y-Fallout-1.webp', '¿Cómo obtener los regalos?', 'La promoción ya está disponible y tendrás hasta el 27 de junio para conseguir los regalos. Para ello, sólo debes ir a la página oficial de Bethesda y abrir una cuenta de Bethesda.net. Una vez que la tengas, también es necesario que te suscribas a los correos electrónicos comerciales de la compañía, donde recibirás información sobre sus nuevos lanzamientos y más.', 'Una vez que completes estos pasos, sólo debes iniciar sesión y dar clic en el botón Reclamar en esta página. De esta forma, los objetos se vincularán a tu cuenta y podrás usarlos gratis en DOOM: The Dark Ages, DOOM Eternal y Fallout 76. Podrás encontrarlos en las pestañas de contenido extra, personalización y fabricación de los juegos, respectivamente. Toma en cuenta que puedes darte de baja de la lista de correos y aún así conservar los regalos.', 44, 4);
INSERT INTO `noticias` (`id_noticia`, `titulo_1`, `fecha`, `contenido_1`, `imagen`, `titulo_2`, `contenido_2`, `contenido_3`, `imagen_2`, `titulo_3`, `contenido_4`, `contenido_5`, `id_titular`, `id_categoria`) VALUES
(45, 'Jefe de Take-Two tiene la oportunidad de jugar GTA VI, pero no lo hace por una buena razón: “no soy un gamer”', '2025-05-28', 'No es exagerado decir que GTA VI romperá numerosos récords de ventas en su debut oficial debido a que es el videojuego más esperado de la última década. Es evidente que muchos estarían dispuestos a hacer cualquier cosa para jugarlo antes, y es por eso que llamaron la atención las declaraciones recientes del jefe de Take-Two Interactive.', '../../assets/img_noticias/gta.webp', 'Strauss Zelnick explica por qué no juega Grand Theft Auto VI', 'Recientemente, el jefe de la compañía matriz de Rockstar Games apareció en un programa especial del canal de noticias CNBC. Allí, habló sobre el retraso de GTA VI, los retos de crear una de las piezas de entretenimiento más ambiciosas de la historia y, en última instancia, el rumbo de la industria de los videojuegos.', 'En un momento de la conversación, se le preguntó a Strauss Zelnick si el proyecto ya estaba hecho y, más importante aún, si ya tuvo la oportunidad de jugarlo. El directivo rápidamente sonrió, y confesó que no es un aficionado de los videojuegos y, como tal, no suele probarlos.', '../../assets/img_noticias/gta2.jpeg', '¿GTA VI se volverá a retrasar? Strauss Zelnick de Take-Two Interactive responde', 'Gran parte de la conversación con CNBC se enfocó en el inesperado cambio en el calendario de lanzamiento de Grand Theft Auto VI. El directivo de Take-Two Interactive afirma que el movimiento representa un retraso de menos de 6 meses, lo que nos permite imaginar cuál era la fecha de estreno original.', 'El jefe de la compañía señala que el avance oficial de GTA VI registró 475 millones de visualizaciones en 24 horas, lo que representa un nuevo récord y demuestra el interés que hay por el proyecto. Ahora bien, ¿existe la posibilidad de ver un segundo retraso? El directivo recalca que, por lo general, cumplen con las fechas de lanzamientos que se fijan. Así pues, los fans deberían respirar tranquilos, al menos por ahora.', 45, 4),
(46, ' Lamine Yamal renovará con el Barça hasta 2031', '2025-05-29', 'Lamine Yamal firmará su renovación con el Barcelona y lo hará hasta el 30 de junio de 2031, en un contrato donde ha mejorado sus condiciones económicas sustancialmente, será el tercer mejor pagado de la plantilla. A sus 17 años, el extremo azulgrana se ha convertido en la estrella indiscutible del equipo en una temporada en la que se ha reafirmado como jugador franquicia.', '../../assets/img_noticias/barsa.jpg', 'Mejores condiciones y comunicado oficial', 'El joven futbolista verá mejoradas notablemente sus condiciones laborales y se le eleva al estatus de los mejores pagados por el club. Tras meses de negociaciones, el Barcelona hará oficial esta tarde que Lamine proseguirá en el Barcelona, al menos, seis campañas más, y le coloca en el centro de un proyecto de futuro que ya está dando sus frutos de la mano de Hansi Flick.', 'El \'19\' del Barcelona, que el año pasado ya amplió su contrato hasta 2026, sigue los pasos de Raphinha, que también renovó con el club hace apenas cinco días, aunque el brasileño, de 28 años, amplió su estancia en la Ciudad Condal hasta 2028, su contrato terminaba en 2027.', '../../assets/img_noticias/barsa2.jpeg', 'Lamine Yamal, mejor futbolista del mundo', 'Lamine se ha convertido por derecho propio en la referencia de la creación y del ataque del Barcelona y este año se ha terminado por consagrar como uno de los mejores futbolistas del mundo. Si la campaña pasada ya demostró que se perfilaba como uno de esos futbolistas que marcará una época, este 2025 ha certificado esa condición.', 'El extremo derecho del Barça ha jugado 55 partidos en los que ha marcado 19 goles y ha dado 25 asistencias, convirtiéndose en una de las referencias indiscutibles de este equipo, que ha echado el cierre a la temporada con la consecución de la Liga. Los títulos, sus increíbles actuaciones este año y su gol marca de la casa le postulan como uno de los favoritos a hacerse con el Balón de Oro de este 2025.', 46, 5),
(47, 'Pokémon UNITE confirma la llegada de un nuevo personaje jugable', '2025-05-29', 'Nos llegan buenas noticias para todos los usuarios de Pokémon UNITE, ya que el juego sigue actualizando su catálogo de personajes jugables y acaba de confirmar que uno nuevo llegará pronto. Nos referimos a Alcremie. Como seguramente recuerdas, fue recientemente cuando los usuarios del free-to-play recibieron a Raichu de Alola, por lo que ahora es el turno de otro más que promete bastante.', '../../assets/img_noticias/PK.jpeg', '¿Qué es Pokémon UNITE?', 'Este título de la franquicia Pokémon es un free-to-play con cross-play entre Nintendo Switch y dispositivos móviles. Podrás encontrar enfrentamientos en tiempo real entre 2 equipos de 5 jugadores cada uno para demostrar quién combate mejor, crea las mejores estrategias y consigue más puntos.', 'Lo mejor de todo es que te puedes unir con entrenadores de todo el mundo para competir en los Combates Unite donde la cooperación será fundamental a la hora de derrotar a Pokémon salvajes. Incluso puedes subir de nivel y hacer evolucionar a tu propio Pokémon, además de noquear a los rivales para impedir que tomen la delantera.', '../../assets/img_noticias/PK_2.jpeg', '¿Cuándo se lanzara?', 'Como pudiste observar, los responsables del juego gratuito lanzarán pronto a este nuevo Pokémon para que todos los usuarios disfruten sus habilidades. Lo mejor de todo es que la espera corta, ya que se confirmó que estará disponible a partir del próximo 12 de junio.', 'Cabe mencionar que Alcremie será un nuevo y encantador supporter, que curará a sus aliados y dará un toque de dulzura a cada partida. Gracias a esto, será un gran compañero.', 47, 5),
(48, 'Billie Eilish triunfa en los American Music Awards y Becky G consigue el premio a mejor artista latina', '2025-05-29', 'La gran triunfadora de la noche ha sido la cantante Billie Eilish, que se ha llevado a casa los premios más codiciados: artista del año, mejor artista pop femenina, álbum del año por Hit Me Hard and Soft y canción del año por Birds of a Feather.', '../../assets/img_noticias/BILLIE_ELISH.jpeg', 'Billie elish ha ganado 7 premios en diferentes categorias', 'La gran triunfadora de la noche ha sido la cantante Billie Eilish, que se ha llevado a casa los premios más codiciados: artista del año, mejor artista pop femenina, álbum del año por Hit Me Hard and Soft y canción del año por Birds of a Feather.', 'Eilish ha ganado en las siete categorías a las que estaba nominada, incluyendo artista favorita de gira y superando a cantantes como Taylor Swift, Kendrick Lamar y Morgan Wallen. \"Esto es una locura. No tengo palabras\", ha dicho la estadounidense al terminar la entrega de premios en un mensaje de video desde Europa, donde se encuentra de gira. \"Ojalá pudiera estar allí esta noche\", ha añadido.', '../../assets/img_noticias/BILLIE_ELISH2.jpeg', 'Shakira y Bad Bunny entre los premiados latinos', 'El mundo latino ha brillado en los American Music Awards con Becky G (artista latina favorita), Bad Bunny (álbum latino por DeBÍ TiRAR MáS FOToS) y Shakira (canción latina con \"Soltera\").', 'Otros momentos destacados de la gala incluyen el triunfo de Bruno Mars y Lady Gaga, quienes se han alzado con el premio a colaboración del año y mejor video umsical por su éxito Die With A Smile.', 48, 5),
(49, 'La historia del Tetris, el juego más vendido del mundo', '2025-05-29', 'Más de 1.000 millones de personas lo jugaron, se ha utilizado en más de 30 estudios científicos y lleva vendidas más de 520 millones de copias a nivel mundial. El éxito del Tetris radica en que es un juego en el que conviven la simpleza y la complejidad. Es mucho más que un videojuego: muchos aseguran que es un fenómeno cultural que ha dejado una huella indeleble en la industria gamer y en la cultura popular.', '../../assets/img_noticias/tetris.jpeg', '¿Cómo comenzó todo?', 'Este popular videojuego fue creado en 1984 por Alexey Pajitnov, un ingeniero de software que trabajaba en el Centro de Computación de la Academia de Ciencias de la Unión Soviética, en Moscú, y se entretenía ideando lo que siempre le había fascinado: rompecabezas matemáticos.', 'Había dos motivos para que el juego fuese gratis: uno era que Pajitnov no pensaba que generaría muchas ganancias, y en segundo lugar el gobierno de la Unión Soviética controlaba cualquier actividad comercial. Pero el futuro de Tetris estaba más allá de las fronteras de su país. Así fue como comenzaron las negociaciones por los derechos con Howard Stern, de Andromeda Software. Sin embargo, antes de llegar a un acuerdo con el creador del Tetris, Stern le vendió la licencia a otra compañía llamada Mirrorsoft, asumiendo que había un acuerdo de palabra.', '../../assets/img_noticias/tetris2.jpg', 'El éxito del Tetris', 'El mundo latino ha brillado en los American Music Awards con Becky G (artista latina favorita), Bad Bunny (álbum latino por DeBÍ TiRAR MáS FOToS) y Shakira (canción latina con \"Soltera\"). Luego de intensas negociaciones, los derechos de Tetris para computadoras personales quedaron en manos de Mirrorsoft, mientras que los derechos para máquinas recreativas y consolas portátiles se los disputaban Atari y Nintendo. Finalmente, la compañía japonesa consiguió hacerse con la licencia para la versión portátil, que se incluyó con la Game Boy en 1989.', 'Con el desembarco del Tetris en la Game Boy, este popular videojuego alcanzó su momento de gloria. Es que la portabilidad de la Game Boy, combinada con la jugabilidad adictiva del Tetris, resultó ser una fórmula ganadora. El Tetris ayudó a impulsar las ventas de la Game Boy y la Game Boy ayudó a llevar el Tetris a millones de jugadores en todo el mundo.', 49, 5),
(50, '\'Mariliendre\', la nueva serie musical de \'Los Javis\' para atresplayer, arrasa en su estreno previo en cines', '2025-05-29', '\'Mariliendre\', la nueva serie musical dirigida por Javier Ferreiro y producida por Javier Calvo y Javier Ambrossi, conocidos como \'Los Javis\', ya es todo un éxito antes de su estreno, el próximo domingo, en atresplayer. La producción ha conseguido colocarse como la cuarta más vista en su debut previo en cines, donde ha ido ampliando el número de salas por la demanda hasta alcanzar esta posición, con muchas menos salas de proyección que grandes producciones y tan solo un pase.', '../../assets/img_noticias/mari.webp', 'Un reparto de lujo para la nueva serie de \'Los Javis\'', 'Blanca Martínez Rodrigo es Meri Román, la protagonista de la historia. La actriz está acompañada por Martin Urrutia, Omar Ayuso, Carlos González, Yenesi, Álvaro Jurado, Jorge Silvestre, Mariona Terés, Mariano Peña y Nina como el elenco principal de la ficción.', 'Completan el reparto Pepón Nieto, Jorge Calvo, Piti Alonso, Juanba Cucarella, Jazz Vilá, Lola Rodríguez y Esteban Navarro, entre otros grandes actores.  \'Mariliendre\' está producida por Atresmedia en colaboración con Suma Content. Montse García y Andrea H. Catalá son las productoras ejecutivas de la serie y Javier Calvo y Javier Ambrossi son los productores del proyecto.', '../../assets/img_noticias/mari2.jpg', 'Un éxito de público y crítica', 'Atresmedia, en su gran apuesta por la ficción española, aterrizó en el Festival de Málaga con \'Mariliendre\' a lo grande. La serie hizo historia al convertirse en la primera que participa en la Sección Oficial, fuera de concurso, y clausurando esta prestigiosa cita de del cine español.', 'Tras su paso por el Festival de Málaga, el festival internacional SeriesMaria o el Crossover, ha logrado una gran ovación por parte de los presentes y recibiendo grandes críticas positivas tras el visionado de sus episodios.  Ahora, tras su estreno previo en cines, no deja de cosechar aplausos y se corona como una de las grandes preferidas por el público en las salas de proyecciones.', 50, 5),
(51, '\'Miércoles\', temporada 2: fecha de estreno en Netflix, sinopsis, reparto y todo lo que sabemos', '2025-05-29', 'Miércoles\' tendrá una temporada 2 entre las series de Netflix. Era algo obvio desde pocos días después del estreno de la temporada 1. el estreno de \'Miércoles\' fue un sonoro exitazo en la plataforma, rompiendo récords y colándose entre las más vistas de su historia. La serie dirigida por Tim Burton nos ha adentrado en las aulas de Nevermore, la escuela para inadaptados sociales en la que Jenna Ortega se mete en la pálida piel de Miércoles Addams. Esta nueva temporada se estrenara el 6 de agosto con su primera parte y el 3 de septiembre con la parte final ', '../../assets/img_noticias/miercoles.jpg', '\'Miércoles\', temporada 2: Sinopsis', 'Miércoles Addams vuelve a merodear los pasillos góticos de la Academia Nevermore, donde le esperan nuevos enemigos y problemas. Miércoles tendrá que lidiar con su familia, amigos y viejos adversarios, lo que la arrastrará a otro año de caos deliciosamente oscuro y excéntrico. Armada con su característico ingenio afilado y su encanto imperturbable, Miércoles se ve envuelta en un nuevo escalofriante misterio sobrenatural.', 'Las posibilidades son infinitas. Lo lógico sería situar la trama en un nuevo curso escolar en Nevermore, siguiendo la misma estructura que las películas de \'Harry Potter\' (compartiendo varias similitudes con \'Miércoles\'). Pero sería espectacular trasladar la acción a la mansión de los Addams y recuperar varios de sus personajes míticos de manera regular: el tío Fétido, el primo Eso, la abuela...', '../../assets/img_noticias/miercoles2.jpeg', '\'Miércoles\', temporada 2: Reparto', 'Obviamente, el regreso de Jenna Ortega es obligado como Miércoles Addams. La actriz tenía un reto gigante por delante, ya que la Miércoles de Christina Ricci es todo un icono de la cultura popular. Pero Ortega ha cumplido con creces, y es el principal acierto de este reboot de la franquicia. Cosa, la mano cercenada que la acompaña a todas partes, es la otra gran interpretación de la serie. Y, por supuesto, también regresará.', 'Otros miembros de la Familia como Morticia (Catherine Zeta-Jones), Gómez (Luis Guzmán), Pugsley (Isaac Ordoñez), Largo (George Burcea) y el tío Fétido (Fred Armisen) también estarán de vuelta, así como los mejores amigos de Miércoles en la Academia \'Nunca más\', Enid (Emma Myers), Bianca (Joy Sunday) y Eugene (Moosa Mostafa).', 51, 5),
(52, '\'Cómo entrenar a tu dragón\' triunfa y pone una secuela en marcha', '2025-05-29', 'El remake de \'Cómo entrenar a tu dragón\' aun no se ha estrenado pero Universal y DreamWorks confían plenamente en la película y dan luz verde a la adaptación de la secuela.', '../../assets/img_noticias/dragon.jpg', 'Va a romper la taquilla y Universal lo sabe: El remake live-action de \'Cómo entrenar a tu dragón\' también tendrá secuela', 'Ya hay gente que ha podido ver el live-action de \'Cómo entrenar a tu dragón\' y las primeras críticas han sido unánimes: es una obra maestra y una de las mejores adaptaciones a acción real de Hollywood.', 'Cómo entrenar a tu dragón se convierte en un clásico de los remake de acción real de forma impecable. Dean DeBlois adapta el original casi a la perfección. Es como ver un clásico en una experiencia completamente nueva\", comenta Jeffrey Harris.', '../../assets/img_noticias/dragon2.webp', 'Fecha de estreno y espectación', 'Redes como X están plagadas de comentarios de aquellos que han podido hincarle el diente a la película y todo parece indicar que estamos ante un éxito instantáneo, y es que \'Cómo entrenar a tu dragón\' va a repetir su fenómeno mediante uno de los formatos más comunes de la cinematografía contemporánea.', 'El filme se estrenará en cines el 13 de junio y todo apunta a que veremos entonces uno de los títulos más taquilleros del año.', 52, 5),
(53, '¿Pagaría para que le insultaran en un restaurante mientras cena?', '2025-05-29', 'El camarero entrega una hamburguesa vegetariana a una clienta y empieza el ritual: incita a los comensales a que le sigan y procede a gritarle a la mujer: \"¡que te jodan, vegetariana!\". A pesar de ello, el tono es ligero: la mujer y los demás clientes se ríen.', '../../assets/img_noticias/restaurante.webp', 'Un lugar \'desagradable\'', '\"Me gusta decir que estamos más en el negocio de lo inhóspito que en el de la hotelería\", se ríe Paul Levin, responsable de Karen\'s Diner para el Reino Unido y Europa. \"Somos la única cadena de restaurantes del mundo a la que la gente no viene por la comida, sino porque le hace gracia\".', 'Con más de 1,4 millones de seguidores en TikTok, las redes sociales son clave para el marketing de la cadena. Los vídeos más virales de la plataforma muestran a abuelos y amigos desprevenidos, enfrentados a un torrente de insultos en su visita al restaurante.', '../../assets/img_noticias/restaurante_2.webp', '¿De qué se trata \'Karen\'?', 'Karen\'s Diner se basa en \'Karen\', la caricatura de una mujer blanca privilegiada de mediana edad que se hizo viral en las redes sociales en 2018. \'Karen\' se refiere a los baby boomers estadounidenses, nacidos en la década de 1960, una época en la que este nombre era muy popular en los Estados Unidos.', '\"\'Karen\' surgió en el ‘Twitter negro’ y se refiere a las mujeres blancas privilegiadas que son percibidas como racistas y con derechos. También es una caricatura de una mujer que se queja cuando no recibe el servicio que espera\", explica la profesora Diane Negra, experta en Cine y Cultura del University College de Dublín.', 53, 5),
(54, 'El apagón causó más miedo que cambios: las reacciones de la ciudadanía, según nos habéis contado', '2025-05-29', 'Hace un mes, un apagón sin precedentes dejó sin suministro eléctrico a toda la península ibérica. El acontecimiento, más propio de una película apocalíptica que de una mañana de lunes, despertó entonces muchas inquietudes que retomamos 30 días más tarde. ', '../../assets/img_noticias/Apagon.jpeg', 'Radio, pilas y linternas, el \'kit\' básico tras el apagón', '¿Cómo se prepararon los ciudadanos tras el apagón? Principalmente, comprando radios no enchufables para mantenerse informados (22,6%), pilas para alimentar este y otros aparatos eléctricos (18,7%), como las linternas (que ha comprado o piensa comprar el 15,9% de los encuestados).  La radio fue el principal medio de comunicación al que recurrieron los ciudadanos, el que informó y redujo la incertidumbre hasta que regresó la luz.', 'Radios, pilas y linternas son artículos primarios que responden bien a las necesidades de un apagón de unas 8-14 horas en mitad de la jornada, como fue el del pasado 28 de abril, en primavera, con luz natural hasta las 21:00 horas, y con un tiempo suave. ', '../../assets/img_noticias/apagon2.jpeg', 'Los jóvenes compraron más y hubo mucho \'por si acaso\'', 'Al comparar estas respuestas con el perfil demográfico de las personas que han participado en la encuesta, se ve que hay más hombres que afirman que tienen todo lo que necesitan (22%) que mujeres (17,3%), y que ellas se han preocupado más de aprovisionarse con artículos básicos: comida, agua, linternas e incluso aparatos de radio', 'Obviamente, son las personas que reconocen haber sentido miedo por el apagón las que se han lanzado en mayor proporción a comprar, desde velas o medicamentos hasta hornillos y navajas. Y, sin embargo, quienes afirman que no sintieron temor admiten que han comprado o planean comprar radios que no dependan de la electricidad (16%), pilas (12%), linternas (11%) o un camping gas (8%). No obstante, los que dicen sentirse poco preocupados se han aplicado un \'por si acaso\' y también han aprovechado para aprovisionarse.', 54, 5),
(55, 'El Betis quiere hacer historia con su primer título europeo ante un Chelsea que no puede permitirse fallar', '2025-05-29', 'El Real Betis disputa este miércoles su primera final europea, será la de la Conference League y la disputará ante un rival con mucha experiencia en este tipo de competiciones, el Chelsea de Enzo Maresca. El escenario de la última batalla por la gloria de los andaluces será la ciudad polaca de Breslavia.', '../../assets/img_noticias/betis.jpeg', 'La resurrección de Isco', 'Isco ha recuperado su mejor versión de la mano del chileno, quien ya lo tuvo a sus órdenes en el \'Euromálaga\' entre 2011 y 2013 y que ha sacado lo mejor del centrocampista desde que lo reclamó para el Betis y lo ha convertido en uno de los referentes de su equipo desde que llegó al Benito Villamarín en julio de 2023.  El internacional español llegó libre al club del barrio de Heliópolis siete meses después de su precipitada salida del Sevilla, el ‘eterno’ rival de los verdiblancos y con el que rescindió su contrato de mutuo acuerdo, solo cuatro meses y medio después de su llegada.', 'El internacional español llegó libre al club del barrio de Heliópolis siete meses después de su precipitada salida del Sevilla, el ‘eterno’ rival de los verdiblancos y con el que rescindió su contrato de mutuo acuerdo, solo cuatro meses y medio después de su llegada.  A pesar de la grave lesión que sufrió al final de la campaña pasada, una inoportuna fractura de peroné en Las Palmas, pudo reaparecer en diciembre de 2024 y, pese a no poder disputar la primera parte de la temporada, ha jugado desde su reaparición 31 partidos oficiales entre LaLiga, la Copa del Rey y la Liga Conferencia en los que ha anotado 12 goles.', '../../assets/img_noticias/betis_2.jpeg', 'El Chelsea, un experto en Europa que no puede fallar', 'Enfrente, el Betis tendrá a un hueso duro de roer, el Chelsea. El club londinense cuenta con una extensa y exitosa experiencia en competiciones europeas, en las que ha levantado dos Champions, dos Europa League y dos Supercopas de Europa; un currículum al que quiere y debe sumar la Conference League, para convertirse en el primer equipo de Europa en ganar los tres trofeos.', 'El conjunto dirigido por Enzo Maresca, el exfutbolista que fue clave en los éxitos europeos del Sevilla en 2006 y 2007, parte como gran favorito para alzarse con lo que para ellos es un premio de consolación, después de haber dejado los años de gloria atrás, sobre todo, tras la marcha del que fue su dueño de 2003 a 2022, Román Abramóvic, el artífice de los mejores años de los \'blues\' a base de talonario.', 55, 5),
(56, '¿Qué fue de Amaya Uranga, la mítica voz de Mocedades?', '2025-05-29', 'El Festival de Eurovisión 2023 ya ha empezado su cuenta atrás: se celebra los días 9, 11 y 13 de mayo en Liverpool. Y qué mejor ocasión para recordar a uno de los grupos que mejor huella dejaron en el concurso, Mocedades, que a un mes de que se celebre la gran final de este año, se cumple medio siglo de su actuación en el certamen musical con \"Eres tú\". ', '../../assets/img_noticias/amaya_voz.webp', 'Una gran voz puesta en escena', 'Y puestos a echar la vista atrás, la cantante recuerda sus inicios en el mundo de la música. “Yo aprendí a tocar la guitarra con una tía mía. Se llamaba “La Valentina”, y estaba llena de esparadrapos, pero se afinaba, se ponía la nota y ya está”. Comenzó a desarrollarse en los coros escolares, para después formar un trío junto Izaskun y Estíbaliz, las hermanas Uranga. Transcurrido el tiempo formaron equipo junto a sus hermanos y otros amigos el grupo Voces y Guitarras. “Eso fue lo que nos hizo de alguna forma poder valernos por nosotros mismos. Ya luego aparecieron los que tocaban muy bien. Llegaban estos y decía qué pinto yo aquí tocando la guitarra con estos señores”, reconoce Amaya.', 'Ellos eran un grupo de amigos que hacían lo que más le gustaba, tocar música. Sus vidas cambiaron para siempre cuando la maqueta llegó a manos del productor Juan Carlos Calderón, que fascinado por sus voces privilegiadas se convirtió en su productor. Él les abrió paso en el mundo de la música y les dio el pasaporte a la fama rebautizándolos como Mocedades. El grupo arrasó y convirtió en icónicos temas como “Amor de Hombre”, \"Secretaria, \"Maitechu mía\", \"Tomate y déjame” y “Eres tú”, el hit con el que triunfarían en Eurovisión.', '../../assets/img_noticias/amaya.jpeg', '“Eres tú”, una de las mejores canciones de Eurovisión', 'El grupo Mocedades fue el encargado de representar a España en Eurovisión en 1973. La canción no resultó ganadora y quedó en un fantástico segundo puesto en el certamen celebrado en Luxemburgo, a solo cuatro puntos de la ganadora, \"Tu te reconnaîtras\", de Anne-Marie David. Sin embargo, tras el festival el tema español logró un éxito apoteósico. “Los de Luxemburgo se empeñaron en que aquella canción era de lo mejor, y así fue la historia. Eso nos ayudó a recorrer todo el mundo”, dice Amaya. El tema alcanzó una gran popularidad en Europa, América Latina y Estados Unidos, posicionándose en las listas de todo el mundo. En la actualidad cuenta con más de 70 versiones en varios idiomas. Il Divo, Andrés Calamaro, Luis Miguel, Morat o Bertín Osborne son algunos de los que han dado voz a este éxito.', '\"Eres tú\" ha hecho historia y ha traspasado fronteras, pero… ¿A Amaya le hacía ilusión representar a España? “A mí lo de Eurovisión no me hacían mucha gracia, lo he dicho siempre, porque hay que poner en tela de juicio cómo lo hace uno y cómo lo hace otro\". A pesar de ello, la cantante reconoce que fue una experiencia interesante y que se rieron un montón. \"Eres tú\" ostenta el puesto de la canción española con más puntuación en todas las ediciones del festival, 125 puntos.', 56, 5);

-- --------------------------------------------------------

--
-- Estructura de tabla para la tabla `roles`
--

CREATE TABLE `roles` (
  `id_rol` int(11) NOT NULL,
  `rol` varchar(20) DEFAULT NULL
) ENGINE=InnoDB DEFAULT CHARSET=utf8mb4 COLLATE=utf8mb4_general_ci;

--
-- Volcado de datos para la tabla `roles`
--

INSERT INTO `roles` (`id_rol`, `rol`) VALUES
(1, 'Administrador'),
(2, 'Élite');

-- --------------------------------------------------------

--
-- Estructura de tabla para la tabla `titulares`
--

CREATE TABLE `titulares` (
  `id_titular` int(11) NOT NULL,
  `nombre_titular` varchar(70) NOT NULL,
  `introduccion` varchar(100) NOT NULL,
  `fecha` datetime NOT NULL,
  `Imagen` varchar(250) NOT NULL,
  `id_categoria` int(11) NOT NULL
) ENGINE=InnoDB DEFAULT CHARSET=utf8mb4 COLLATE=utf8mb4_general_ci;

--
-- Volcado de datos para la tabla `titulares`
--

INSERT INTO `titulares` (`id_titular`, `nombre_titular`, `introduccion`, `fecha`, `Imagen`, `id_categoria`) VALUES
(1, 'Muere el papa Francisco a los 88 años', 'El soberano del Vaticano llevaba varios meses arrastrando graves problemas de salud.', '2025-04-29 18:43:41', '../../assets/img_noticias/Muere-Papa-Francisco-2-web-1080x675.webp', 1),
(2, 'Joaquín Prat se ve obligado a terminar Vamos a ver media hora antes', 'Joaquín Prat ha terminado un poco antes la emisión de Vamos a ver tras una decisión de Telecinco', '2025-05-14 18:38:00', '../../assets/img_noticias/vamos_a_ver.webp', 1),
(3, 'La desgracia familiar que ha unido a los hermanos Francisco y Cayetano', 'Los hijos de Paquirri y Ordóñez acudieron al tanatorio para  despedir a uno de sus seres queridos\n\n', '2025-04-29 19:00:00', '../../assets/img_noticias/fran_caye.webp', 1),
(4, 'Los reyes Felipe VI y Letizia comparten fotos inéditas de sofia', 'La Casa Real ha distribuido cinco nuevas imágenes de la joven Sofia de borbon por su mayoria de edad', '2025-04-29 19:20:00', '../../assets/img_noticias/infanta-sofia-casa-real.webp', 1),
(5, 'Reunión de la familia flores y bautizo de Nala, hija de Elena Furiase', 'En poco más de tres meses en la Casa Blanca, Trump ha dado un vuelco a algunas de las practicas dipl', '2025-05-04 15:54:00', '../../assets/img_noticias/rosario_completo.webp', 1),
(6, 'María Teresa Campos: esta es la herencia que deja a sus hijas', '50 años de carrera, el cariño del público y cobro 3 millones de euros', '2025-05-28 18:09:00', '../../assets/img_noticias/maria_teresa.webp', 1),
(7, '¿Qué fue de Amaya Uranga, la mítica voz de Mocedades?', 'El Festival de Eurovisión 2023 se celebra los días 9, 11 y 13 de mayo en Liverpool', '2025-05-28 18:14:00', '../../assets/img_noticias/amaya.webp', 1),
(8, 'Rumores y una macrofiesta: así ha sido la boda del millón de euros', 'Por fin Tamara Falcó e Íñigo Onieva son marido y mujer. La pareja se dio el el \'sí, quiero\' ', '2025-05-28 18:18:00', '../../assets/img_noticias/Tamara-boda.webp', 1),
(9, 'Bunbury desvela por qué tiene problemas de garganta', 'Covid-19, contaminación, pánico escénico, retirada todo pasaba por su mente', '2025-05-28 18:19:00', '../../assets/img_noticias/bury.webp', 1),
(10, 'Andrés Iniesta y Anna Ortiz reciben a su quinto hijo?', 'Hace ya un par de años que experimentamos un \'baby boom\' de los famosos.', '2025-05-28 18:21:00', '../../assets/img_noticias/iniesta.jpg', 1),
(11, 'Maluma y sus polémicas declaraciones sobre el Mundial de Qatar', 'El artista colombiano no para de acaparar titulares por decir que sí a actuar en Catar', '2025-05-28 18:22:00', '../../assets/img_noticias/maluma.webp', 1),
(12, 'Un ataque israelí contra otra escuela en Gaza ha matado a 30 personas ', 'Un ataque israelí contra otra escuela en Gaza deja al menos 30 muertos ', '2025-05-28 18:25:00', '../../assets/img_noticias/israel.webp', 2),
(13, 'Abusos a menores tutelados: radiografía de una realidad perversa', 'Naiara vivió de los 14 hasta los 18 años en un centro de menores. ', '2025-05-28 18:27:00', '../../assets/img_noticias/noticia.jpeg', 2),
(14, 'Trump acepta la propuesta de Von der Leyen de extender los aranceles', 'Donald Trump, ha confirmado que acepta la propuesta de la presidenta de la Comisión Europea', '2025-05-28 18:30:00', '../../assets/img_noticias/arancel.webp', 2),
(15, 'Suspendidas las declaraciones de los excargos de Ayuso', 'Las declaraciones como imputados de los ex altos cargos del Ejecutivo madrileño se han suspendido ', '2025-05-28 18:33:00', '../../assets/img_noticias/ayuso.jpeg', 2),
(16, 'El PSOE niega una operación para acabar con la UCO y el PP en el hoyo', 'El PSOE ha desmentido que exista una operación para acabar con la Unidad Central Operativa ', '2025-05-28 18:35:00', '../../assets/img_noticias/psoe.jpeg', 2),
(17, 'El Gobierno anuncia ayudas de hasta 100 euros de ayuda para lentes', 'Pedro Sánchez, ha anunciado que los menores de 16 años podrán contar con una ayuda de 100 euros', '2025-05-28 18:39:00', '../../assets/img_noticias/lentes.webp', 2),
(18, 'La factura secreta de las especies invasoras por su impacto económico ', 'La gravedad del impacto a los ecosistemas de las especies invasoras era de sobra conocida', '2025-05-28 18:40:00', '../../assets/img_noticias/invasora.jpeg', 2),
(19, 'Albares dice que el embargo de armas a Israel solo afectara a la venta', 'José Manuel Albares, ha reconocido este lunes en RTVE su propuesta de un embargo de armas a Israel ', '2025-05-28 18:44:00', '../../assets/img_noticias/16595778.jpeg', 2),
(20, 'Dos exdirectivos de Volkswagen, condenados a penas de cárcel', 'En Alemania han condenado este lunes a dos exdirectivos de Volkswagen a penas de cárcel por estafa.', '2025-05-28 18:46:00', '../../assets/img_noticias/volks.jpeg', 2),
(21, 'La Policia desmantela una red que vendía carne sin control sanitario', 'El Seprona ha desmantelado una red dedicada a vender carne procedente de ganado ovino y caprino', '2025-05-28 18:47:00', '../../assets/img_noticias/carne.jpeg', 2),
(23, 'Verano adelantado: la Aemet advierte de temperaturas bastantes altas', 'A las puertas del verano astronómico, el verano se adelanta esta semana con altas temperaturas ', '2025-05-28 18:50:00', '../../assets/img_noticias/verano.jpeg', 2),
(24, 'El poder ucraniano para conquistar estómagos, corazones y mentes', 'Quemaron nuestros campos para cortar el suministro de alimentos', '2025-05-28 18:59:02', '../../assets/img_noticias/ucrania.webp', 3),
(25, 'Japón revalida el título de campeón del mundo de pastelería y Francia', 'Japón se impone a Francia y se alza con la medalla de oro en la Copa del Mundo de Pastelería 2025', '2025-05-28 18:59:00', '../../assets/img_noticias/japon.jpeg', 3),
(26, 'Las torrijas son muy conocidas en España, pero ¿sabías que también se ', 'Estos son todos los tipos de torrijas que existen en el mundo', '2025-05-28 19:01:00', '../../assets/img_noticias/torrijas.jpeg', 3),
(27, 'Día Mundial de la Pizza: de Italia a la conquista del mundo', 'Desde el mundo romano hasta inglaterra, la pizza es Patrimonio Inmaterial de la Unesco desde 2017', '2025-05-28 19:04:00', '../../assets/img_noticias/pizza.jpeg', 3),
(28, 'Lisboa, elegida por primera vez mejor destino culinario de Europa', 'Lisboa fue premiada con el premio al Mejor Destino Culinario de Europa en los World Culinary Awards.', '2025-05-28 19:09:00', '../../assets/img_noticias/Lisboa_gastronomía.jpg', 3),
(29, '¿Alguien quiere una sangría valorada en 120.000 euros?', 'Un vídeo publicado en internet ha sido objeto de numerosas críticas e indignación', '2025-05-28 19:11:00', '../../assets/img_noticias/sangria.jpeg', 3),
(30, '¿Es el \'Fish & Chips\' demasiado caro para los británicos?', 'El humilde \'Fish & Chips\' ha subido de precio más que cualquier otro plato de comida', '2025-05-28 19:14:00', '../../assets/img_noticias/fish.jpeg', 3),
(31, '¿Pagaría para que le insultaran en un restaurante mientras cena?', 'El camarero entrega una hamburguesa vegetariana a una clienta y empieza el ritual', '2025-05-28 19:15:00', '../../assets/img_noticias/restaurante.webp', 3),
(32, '¿Es bueno el ayuno intermitente? Esto es lo que dice la ciencia', 'El ayuno intermitente puede potenciar la capacidad regenerativa de las células madre intestinales,', '2025-05-28 19:17:00', '../../assets/img_noticias/ayuno.jpeg', 3),
(33, 'De la ginebra de salmón al whisky sabor chorizo', 'Como maestro, busca combinar sabores extraños y maravillas para crear cócteles increíbles', '2025-05-28 19:20:00', '../../assets/img_noticias/whisqui.jpeg', 3),
(34, 'De la smash de pollo a las versiones más gourmets:', 'Maneras de celebrar este día hay muchas, y por aquí te dejamos algunas opciones. ', '2025-05-28 19:22:00', '../../assets/img_noticias/burger.jpeg', 3),
(35, 'EA pierde esta franquicia de carreras tras estrepitoso fracaso', 'Lo que pintaba para ser una de las alianzas más interesantes en el gaming se está cayendo a pedazos', '2025-05-28 19:24:00', '../../assets/img_noticias/car1.jpeg', 4),
(36, 'Half-Life 3 podría ser el último aliento de la franquicia de Valve', 'La IP hizo historia en PC y podría llegar pronto a su fin para siempre', '2025-05-28 19:27:00', '../../assets/img_noticias/half.jpg', 4),
(37, 'Max Verstappen en el punto de mira nintendera', 'Max Verstappen usa el juego de Nintendo para criticar el Gran Premio de Mónaco de la Fórmula 1', '2025-05-28 19:35:00', '../../assets/img_noticias/mario.webp', 4),
(38, 'Dragon Ball Super cumplirá 10 años, pero no promete nada bueno', 'La nueva etapa de la serie  está por celebrar su 10.° aniversario, pero no promete nada alentador', '2025-05-28 19:37:00', '../../assets/img_noticias/db.jpeg', 4),
(39, 'EA SPORTS FC 25 tiene un precio de regalo en la eShop de Nintendo ', 'Nintendo Switch sigue con una gran popularidad y se mantiene ofreciendo descuentos muy importantes', '2025-05-28 19:39:00', '../../assets/img_noticias/fc.webp', 4),
(40, 'Este indie protagonizado por donas apunta a ser magnifico', 'La industria de los videojuegos en México sigue creciendo con propuestas excelentes y creativas', '2025-05-28 19:42:00', '../../assets/img_noticias/donas.jpeg', 4),
(41, 'El nuevo DOOM tuvo el mejor lanzamiento en la historia de id Software', 'DOOM: The Dark Ages ya está entre nosotros y los fanáticos ya han sentenciado su respuesta', '2025-05-28 19:43:00', '../../assets/img_noticias/doom.jpeg', 4),
(42, 'La secuela de Cyberpunk 2077 tendrá otra ciudad, además de Night City', 'Este no fue el mejor juego de \"epoca\", pero resultó ser muy bueno gracias a las actualizaciones.', '2025-05-28 19:45:00', '../../assets/img_noticias/cyber.jpg', 4),
(43, 'Mas modelos de la switch 2 podrían ver la luz', 'Nintendo Switch 2 aún no debuta, pero ya hay pistas sobre mas modelos', '2025-05-28 19:47:00', '../../assets/img_noticias/switch.jpeg', 4),
(44, 'Bethesda consiente a los fans de DOOM y Fallout con fabulosos regalos', 'Los jugadores pueden conseguir recompensas para DOOM: Dark Ages, Eternal y Fallout 76', '2025-05-28 19:49:00', '../../assets/img_noticias/Regalos-Fallout-y-Doom.webp', 4),
(45, 'Jefe de Take-Two tiene la ocasion de jugar GTA VI pero no lo hace', 'Strauss Zelnick opina sobre Grand Theft Auto VI y confirma que da libertad a los desarrolladores', '2025-05-28 19:51:00', '../../assets/img_noticias/gta.webp', 4),
(46, ' Lamine Yamal renovará con el Barça hasta 2031', 'Lamine seguirá vinculada al club seis temporadas más y será el tercer mejor pagado de la plantilla', '2025-05-29 16:05:00', '../../assets/img_noticias/barsa.jpg', 5),
(47, 'Pokémon UNITE confirma la llegada de un nuevo personaje jugable', 'Conoce de quién se trata y cuándo podrás probar sus habilidades.', '2025-05-29 16:06:00', '../../assets/img_noticias/PK.jpeg', 5),
(48, 'Billie Eilish triunfa en los American Music Awards', 'La cantante estadounidense ha ganado los siete premios a los que estaba nominada', '2025-05-29 16:07:00', '../../assets/img_noticias/BILLIE_ELISH.jpeg', 5),
(49, 'La historia del Tetris, el juego más vendido del mundo', 'Es uno de los pasatiempos más exitosos ya que ha sido jugado por mas de 10 millones de personas', '2025-05-29 16:10:00', '../../assets/img_noticias/tetris.jpeg', 5),
(50, 'Mariliendre, la nueva serie para atresplayer estrenada en cines', 'Mariliendre, la nueva serie de atresmedia, ha generado gran expectación con su estreno en cines', '2025-05-29 16:13:00', '../../assets/img_noticias/mari.webp', 5),
(51, '\'Miércoles\', temporada 2: fecha de estreno en Netflix y mas sorpresas', 'Las aventuras de Miércoles Addams en la Academia Nevermore solo acaban de comenzar', '2025-05-29 16:18:00', '../../assets/img_noticias/miercoles.jpg', 5),
(52, '\'Cómo entrenar a tu dragón\' triunfa y pone una secuela en marcha', 'Aunque no se haya estrenado, dreamwork ya da luz verde a su secuela ', '2025-05-29 16:20:00', '../../assets/img_noticias/dragon.jpg', 5),
(53, '¿Pagaría para que le insultaran en un restaurante mientras cena?', 'El camarero entrega una hamburguesa vegetariana a una clienta y empieza el ritual', '2025-05-29 16:23:00', '../../assets/img_noticias/restaurante.webp', 5),
(54, 'El apagón causó más miedo que cambios: las reacciones de la ciudadanía', 'Hace un mes, un apagón sin precedentes dejó sin suministro eléctrico a toda la península ibérica', '2025-05-29 16:24:00', '../../assets/img_noticias/Apagon.jpeg', 5),
(55, 'El Betis quiere conseguir su primer título europeo ante un Chelsea', 'El Real Betis disputa este miércoles su primera final europea contra el Chelsea', '2025-05-29 16:27:00', '../../assets/img_noticias/betis.jpeg', 5),
(56, '¿Qué fue de Amaya Uranga, la mítica voz de Mocedades?', 'El Festival de Eurovisión 2023 se celebra los días 9, 11 y 13 de mayo en Liverpool', '2025-05-29 16:30:00', '../../assets/img_noticias/amaya_voz.webp', 5);

-- --------------------------------------------------------

--
-- Estructura de tabla para la tabla `usuarios`
--

CREATE TABLE `usuarios` (
  `id_usuario` int(11) NOT NULL,
  `email` varchar(255) DEFAULT NULL,
  `nombre_usuario` varchar(30) DEFAULT NULL,
  `contraseña` varchar(255) DEFAULT NULL,
  `id_rol` int(11) DEFAULT NULL
) ENGINE=InnoDB DEFAULT CHARSET=utf8mb4 COLLATE=utf8mb4_general_ci;

--
-- Volcado de datos para la tabla `usuarios`
--

INSERT INTO `usuarios` (`id_usuario`, `email`, `nombre_usuario`, `contraseña`, `id_rol`) VALUES
(16, 'admin_1@gmail.com', 'admin_1', '$2y$10$7VgNB7IH0jfHax8lsOxY/..lGfcLfxmhoQDKtK6abtCJcJLDWa68q', 1),
(38, 'admin_2@gmail.com', 'admin_2', '$2y$10$ODP8SdFcCVzAxMLfru4M.uirIE2DWNsc4qEx4JnVZHYsjFCsoea2S', 1),
(39, 'adrielite@gmail.com', 'adrielite', '$2y$10$k5YTftQnmunvoFH2Jp3HReHoj5yzH9ef5ghHNY9hysPy2EM4gofWy', 2),
(60, 'dsecocuellar@gmail.com', 'dseco', '$2y$10$oZw/h2yZjjX/vzv9/FSfzObD5dApCTjSJ67Q1fd6pTFEKlAs2MH5K', 2),
(61, 'borjarivas@hotmail.com', 'brivas', '$2y$10$MQiUUV9ajJg/UJ0ROoulLu7y.aORFSZ1pOH9ixaunco6X3Lx4JIkC', 2),
(62, 'admin_3@gmail.com', 'admin_3', '$2y$10$76p.NLmaFvllGlzN4B1JROZRAU8pb7ZkFA8EP3BgPdWRYldTO0i2S', 1),
(63, 'elenagar@gmail.com', 'elenateacher', '$2y$10$cDEu9/ZzjBk4QZ5wxJ5HOOh76BLmJGYb8dROBahGWxtfAp6L6Rxb.', 2),
(64, 'admin_4@gmail.com', 'admin_4', '$2y$10$676624Er7a7Cu5Rmf5prj.zQYGptZ80lyMVRmR4m2.KCynGBJtTMi', 2),
(65, 'admin_5@gmail.com', 'admin_5', '$2y$10$Ah04nC2jsrULUU8NYGnh2uKisAx/DZFY12yiuvF.Z0IHK7/mzZTZ2', 1),
(66, 'mlopez@yahooh.com', 'Manulopez', '$2y$10$hgNxvSWKGVnUChEYSNvlBe4q8ncoim75bPsRZ4qc1yS/bFRdE6wAS', 2),
(68, 'admin_6@gmail.com', 'admin_6', '$2y$10$8kEjn6u6WLZ4odnyBTKl6.xceVe4.Eps9.w6xCQc3PQQrTSyuv.DS', 2),
(69, 'jgordillo@gmail.com', 'javi_gordillo', '$2y$10$8EGrXpzAa.NcpL2UfLjCiuqt6ky0YPy1roCi93i9tDQjxbnh/8FsW', 2),
(70, 'admin_7@gmail.com', 'admin_11265', '$2y$10$EekRuyjYWrXc8zhXriFNIueDNvSLFLJBf9PImRlZBAKVGV.HpS2ku', 1);

--
-- Índices para tablas volcadas
--

--
-- Indices de la tabla `categorias`
--
ALTER TABLE `categorias`
  ADD PRIMARY KEY (`id_categoria`);

--
-- Indices de la tabla `comentarios`
--
ALTER TABLE `comentarios`
  ADD PRIMARY KEY (`id_comentarios`),
  ADD KEY `id_usuario` (`id_usuario`);

--
-- Indices de la tabla `noticias`
--
ALTER TABLE `noticias`
  ADD PRIMARY KEY (`id_noticia`),
  ADD KEY `id_titular` (`id_titular`),
  ADD KEY `id_categoria` (`id_categoria`);

--
-- Indices de la tabla `roles`
--
ALTER TABLE `roles`
  ADD PRIMARY KEY (`id_rol`);

--
-- Indices de la tabla `titulares`
--
ALTER TABLE `titulares`
  ADD PRIMARY KEY (`id_titular`),
  ADD KEY `id_categoria` (`id_categoria`);

--
-- Indices de la tabla `usuarios`
--
ALTER TABLE `usuarios`
  ADD PRIMARY KEY (`id_usuario`),
  ADD KEY `id_rol` (`id_rol`);

--
-- AUTO_INCREMENT de las tablas volcadas
--

--
-- AUTO_INCREMENT de la tabla `categorias`
--
ALTER TABLE `categorias`
  MODIFY `id_categoria` int(11) NOT NULL AUTO_INCREMENT, AUTO_INCREMENT=6;

--
-- AUTO_INCREMENT de la tabla `comentarios`
--
ALTER TABLE `comentarios`
  MODIFY `id_comentarios` int(11) NOT NULL AUTO_INCREMENT, AUTO_INCREMENT=22;

--
-- AUTO_INCREMENT de la tabla `roles`
--
ALTER TABLE `roles`
  MODIFY `id_rol` int(11) NOT NULL AUTO_INCREMENT, AUTO_INCREMENT=3;

--
-- AUTO_INCREMENT de la tabla `usuarios`
--
ALTER TABLE `usuarios`
  MODIFY `id_usuario` int(11) NOT NULL AUTO_INCREMENT, AUTO_INCREMENT=71;

--
-- Restricciones para tablas volcadas
--

--
-- Filtros para la tabla `comentarios`
--
ALTER TABLE `comentarios`
  ADD CONSTRAINT `comentarios_ibfk_2` FOREIGN KEY (`id_usuario`) REFERENCES `usuarios` (`id_usuario`);

--
-- Filtros para la tabla `noticias`
--
ALTER TABLE `noticias`
  ADD CONSTRAINT `noticias_ibfk_1` FOREIGN KEY (`id_titular`) REFERENCES `titulares` (`id_titular`),
  ADD CONSTRAINT `noticias_ibfk_2` FOREIGN KEY (`id_categoria`) REFERENCES `categorias` (`id_categoria`);

--
-- Filtros para la tabla `titulares`
--
ALTER TABLE `titulares`
  ADD CONSTRAINT `titulares_ibfk_1` FOREIGN KEY (`id_categoria`) REFERENCES `categorias` (`id_categoria`);

--
-- Filtros para la tabla `usuarios`
--
ALTER TABLE `usuarios`
  ADD CONSTRAINT `usuarios_ibfk_1` FOREIGN KEY (`id_rol`) REFERENCES `roles` (`id_rol`);
COMMIT;

/*!40101 SET CHARACTER_SET_CLIENT=@OLD_CHARACTER_SET_CLIENT */;
/*!40101 SET CHARACTER_SET_RESULTS=@OLD_CHARACTER_SET_RESULTS */;
/*!40101 SET COLLATION_CONNECTION=@OLD_COLLATION_CONNECTION */;
